,seller_id,last_transaction,recency_day,order_freq,gmv,aov,revenue,voucher_used,voucher_val,buyer_count,num_of_buyer_province,num_of_buyer_city,seller_category,cluster,cluster_name
6,631a506a5b9755003d24dfdb,2023-04-19,257,1,68376000,68376000.0,512820,0,0.0,1,1,1,Kecil,1,Big Order Occasional Seller
15,631a506f7255a77e0e6e2814,2023-05-19,227,1,39831081,39831081.0,298733,0,0.0,1,1,1,Menengah,1,Big Order Occasional Seller
21,631a50745b9755003d24f1d5,2023-04-06,270,1,22200000,22200000.0,166500,0,0.0,1,1,1,Kecil,1,Big Order Occasional Seller
23,631a50747255a77e0e6e2d6b,2023-04-13,263,2,660283500,330141750.0,3301417,0,0.0,1,1,1,Kecil,1,Big Order Occasional Seller
24,631a50747255a77e0e6e2dae,2023-03-03,304,2,9500000,4750000.0,71250,0,0.0,1,1,1,Kecil,1,Big Order Occasional Seller
39,631a50785b9755003d24f9ed,2023-04-19,257,3,757980150,252660050.0,4030811,0,0.0,2,1,1,Menengah,1,Big Order Occasional Seller
47,631a50797255a77e0e6e3215,2023-06-17,198,1,1200000,1200000.0,9000,0,0.0,1,1,1,Kecil,1,Big Order Occasional Seller
66,631a507b7255a77e0e6e33cc,2023-05-24,222,1,47818000,47818000.0,358635,0,0.0,1,1,1,Menengah,1,Big Order Occasional Seller
73,631a507c5b9755003d24fd09,2023-06-09,206,5,397297504,79459500.8,2979729,0,0.0,1,1,1,Kecil,1,Big Order Occasional Seller
98,631a507e5b9755003d24fe9b,2023-04-19,257,1,84915000,84915000.0,636862,0,0.0,1,1,1,Menengah,1,Big Order Occasional Seller
103,631a507f5b9755003d24fefb,2023-06-08,207,1,97763843,97763843.0,733228,0,0.0,1,1,1,Kecil,1,Big Order Occasional Seller
135,631a50835b9755003d2501d2,2023-02-24,311,1,52170000,52170000.0,391275,0,0.0,1,1,1,Kecil,1,Big Order Occasional Seller
137,631a50837255a77e0e6e3d35,2023-02-22,313,2,1503495,751747.5,11275,0,0.0,1,1,1,Kecil,1,Big Order Occasional Seller
143,631a50855b9755003d25029a,2023-03-22,285,1,100700,100700.0,755,0,0.0,1,1,1,Menengah,1,Big Order Occasional Seller
148,631a50857255a77e0e6e3fca,2023-04-01,275,1,319990171,319990171.0,1599950,0,0.0,1,1,1,Menengah,1,Big Order Occasional Seller
151,631a50887255a77e0e6e4265,2023-06-07,208,5,1512600330,302520066.0,8059701,0,0.0,2,1,1,Kecil,1,Big Order Occasional Seller
152,631a50887255a77e0e6e42f1,2023-05-31,215,1,60555000,60555000.0,454162,0,0.0,1,1,1,Menengah,1,Big Order Occasional Seller
163,631a508d7255a77e0e6e4525,2023-05-20,226,1,730899999,730899999.0,1827249,0,0.0,1,1,1,Menengah,1,Big Order Occasional Seller
164,631a508d7255a77e0e6e4534,2023-06-06,209,4,173075413,43268853.25,1298065,0,0.0,1,1,1,Menengah,1,Big Order Occasional Seller
195,631a509a7255a77e0e6e7035,2023-06-10,205,1,40792500,40792500.0,305943,0,0.0,1,1,1,Mikro,1,Big Order Occasional Seller
197,631a509a7255a77e0e6e7045,2023-05-19,227,4,70406940,17601735.0,528050,0,0.0,1,1,1,Menengah,1,Big Order Occasional Seller
203,631a509a7255a77e0e6e70bb,2023-05-24,222,3,124986000,41662000.0,937395,0,0.0,1,1,1,Mikro,1,Big Order Occasional Seller
233,631a509e7255a77e0e6e7447,2023-02-09,326,1,68709000,68709000.0,515317,0,0.0,1,1,1,Mikro,1,Big Order Occasional Seller
235,631a509e7255a77e0e6e748d,2023-06-19,196,1,3885000,3885000.0,29137,0,0.0,1,1,1,Mikro,1,Big Order Occasional Seller
236,631a509e7255a77e0e6e74a1,2023-05-10,236,1,2167064,2167064.0,16252,0,0.0,1,1,1,Mikro,1,Big Order Occasional Seller
241,631a509f7255a77e0e6e75f1,2023-03-30,277,1,10922400,10922400.0,81918,0,0.0,1,1,1,Menengah,1,Big Order Occasional Seller
245,631a50a05b9755003d250523,2023-02-17,318,1,3080000,3080000.0,23100,0,0.0,1,1,1,Menengah,1,Big Order Occasional Seller
323,631a527b7255a77e0e6f0b37,2023-02-08,327,1,5217000,5217000.0,39127,0,0.0,1,1,1,Kecil,1,Big Order Occasional Seller
345,631a539d5b9755003d260171,2023-06-13,202,2,321900,160950.0,2413,0,0.0,2,2,2,Kecil,1,Big Order Occasional Seller
347,631a539e5b9755003d26026d,2023-03-25,282,1,672000,672000.0,5040,0,0.0,1,1,1,Mikro,1,Big Order Occasional Seller
356,631a53a15b9755003d26075c,2023-01-14,352,1,550249535,550249535.0,1375623,0,0.0,1,1,1,Menengah,1,Big Order Occasional Seller
369,631a53a45b9755003d260a17,2023-03-31,276,4,27458000,6864500.0,205935,0,0.0,2,1,2,Kecil,1,Big Order Occasional Seller
398,631a53ac5b9755003d261371,2023-05-27,219,1,97125,97125.0,728,0,0.0,1,1,1,Mikro,1,Big Order Occasional Seller
403,631a53ad7255a77e0e6f5538,2023-03-02,305,1,64059876,64059876.0,480449,0,0.0,1,1,1,Menengah,1,Big Order Occasional Seller
413,631a53b05b9755003d2616e9,2023-05-08,238,1,51250,51250.0,384,0,0.0,1,1,1,Mikro,1,Big Order Occasional Seller
417,631a53b05b9755003d2617c0,2023-02-24,311,1,120000000,120000000.0,900000,0,0.0,1,1,1,Kecil,1,Big Order Occasional Seller
421,631a53b07255a77e0e6f581a,2023-03-04,303,1,30525000,30525000.0,228937,0,0.0,1,1,1,Kecil,1,Big Order Occasional Seller
425,631a53b15b9755003d26187d,2023-01-19,347,1,206640,206640.0,1549,0,0.0,1,1,1,Mikro,1,Big Order Occasional Seller
436,631a53b25b9755003d261b65,2023-05-21,225,2,3594900,1797450.0,26961,0,0.0,1,1,1,Mikro,1,Big Order Occasional Seller
441,631a53b27255a77e0e6f5953,2023-06-16,199,1,495000,495000.0,3712,0,0.0,1,1,1,Kecil,1,Big Order Occasional Seller
452,631a53b45b9755003d261d87,2023-06-21,194,1,865800,865800.0,6493,0,0.0,1,1,1,Menengah,1,Big Order Occasional Seller
454,631a53b45b9755003d261db3,2023-03-28,279,1,660000000,660000000.0,1650000,0,0.0,1,1,1,Menengah,1,Big Order Occasional Seller
456,631a53b45b9755003d261deb,2023-05-13,233,2,129980,64990.0,974,0,0.0,2,1,1,Mikro,1,Big Order Occasional Seller
475,631a53b55b9755003d262082,2023-04-13,263,1,116385225,116385225.0,872889,0,0.0,1,1,1,Kecil,1,Big Order Occasional Seller
501,631a53b75b9755003d26252e,2023-06-21,194,1,241470455,241470455.0,1811028,0,0.0,1,1,1,Menengah,1,Big Order Occasional Seller
511,631a53b95b9755003d262944,2023-05-31,215,2,1229236200,614618100.0,3073090,0,0.0,1,1,1,Menengah,1,Big Order Occasional Seller
567,631a53bb5b9755003d262eda,2023-03-09,298,1,38295000,38295000.0,287212,0,0.0,1,1,1,Kecil,1,Big Order Occasional Seller
576,631a53bc5b9755003d26307c,2023-06-16,199,1,3190000,3190000.0,23925,0,0.0,1,1,1,Kecil,1,Big Order Occasional Seller
581,631a53bc5b9755003d26319e,2023-02-07,328,2,441300,220650.0,3309,0,0.0,1,1,1,Menengah,1,Big Order Occasional Seller
583,631a53bd5b9755003d2631bc,2023-01-19,347,1,710000,710000.0,5325,0,0.0,1,1,1,Mikro,1,Big Order Occasional Seller
637,631a53c15b9755003d263c46,2023-03-02,305,1,360750,360750.0,2705,0,0.0,1,1,1,Menengah,1,Big Order Occasional Seller
644,631a53c25b9755003d263dc8,2023-03-26,281,2,337000,168500.0,2527,0,0.0,2,1,1,Mikro,1,Big Order Occasional Seller
656,631a53c25b9755003d263eca,2023-06-17,198,1,843600,843600.0,6327,0,0.0,1,1,1,Menengah,1,Big Order Occasional Seller
667,631a53c35b9755003d263fb0,2023-05-30,216,2,134310000,67155000.0,1007325,0,0.0,1,1,1,Menengah,1,Big Order Occasional Seller
704,631a53db7255a77e0e6f8bea,2023-03-07,300,1,107523480,107523480.0,806426,0,0.0,1,1,1,Kecil,1,Big Order Occasional Seller
719,631a53e07255a77e0e6f8e10,2023-04-10,266,1,2645382,2645382.0,19840,0,0.0,1,1,1,Kecil,1,Big Order Occasional Seller
728,631a53e27255a77e0e6f8f9b,2023-01-05,361,1,53933790,53933790.0,404503,0,0.0,1,1,1,Menengah,1,Big Order Occasional Seller
732,631a53e37255a77e0e6f9065,2023-02-09,326,1,5500000,5500000.0,41250,0,0.0,1,1,1,Kecil,1,Big Order Occasional Seller
739,631a53e37255a77e0e6f9146,2023-03-09,298,1,309100,309100.0,2318,0,0.0,1,1,1,Menengah,1,Big Order Occasional Seller
752,631a53e47255a77e0e6f923b,2023-03-25,282,1,592945947,592945947.0,1482364,0,0.0,1,1,1,Kecil,1,Big Order Occasional Seller
763,631a53e47255a77e0e6f92d3,2023-03-10,297,1,4363700,4363700.0,32727,0,0.0,1,1,1,Menengah,1,Big Order Occasional Seller
767,631a53e57255a77e0e6f92fa,2023-05-23,223,1,155000,155000.0,1162,0,0.0,1,1,1,Mikro,1,Big Order Occasional Seller
794,631a53e87255a77e0e6f96df,2023-06-02,213,1,4749998,4749998.0,35624,0,0.0,1,1,1,Menengah,1,Big Order Occasional Seller
813,631a53e97255a77e0e6f9878,2023-04-04,272,1,157850,157850.0,1183,0,0.0,1,1,1,Menengah,1,Big Order Occasional Seller
830,631a53ea7255a77e0e6f9985,2023-06-14,201,1,393745000,393745000.0,1968725,0,0.0,1,1,1,Kecil,1,Big Order Occasional Seller
850,631a53eb7255a77e0e6f9a73,2023-06-07,208,1,7500000,7500000.0,56250,0,0.0,1,1,1,Mikro,1,Big Order Occasional Seller
876,631a56867255a77e0e702f27,2023-04-19,257,1,9435000,9435000.0,70762,0,0.0,1,1,1,Menengah,1,Big Order Occasional Seller
884,631a56997255a77e0e7031b2,2023-02-02,333,1,93702000,93702000.0,702765,0,0.0,1,1,1,Kecil,1,Big Order Occasional Seller
890,631a56f45b9755003d27343c,2023-06-08,207,2,132966900,66483450.0,997251,0,0.0,1,1,1,Swasta,1,Big Order Occasional Seller
899,631a56f65b9755003d2736bb,2023-05-22,224,2,17576280,8788140.0,131822,0,0.0,1,1,1,Menengah,1,Big Order Occasional Seller
903,631a56f75b9755003d27386d,2023-06-02,213,1,2560500,2560500.0,19203,0,0.0,1,1,1,Menengah,1,Big Order Occasional Seller
905,631a56f85b9755003d2739a0,2023-01-25,341,1,173215,173215.0,1299,0,0.0,1,1,1,Kecil,1,Big Order Occasional Seller
933,631a56fc5b9755003d274098,2023-04-11,265,1,41250000,41250000.0,309375,0,0.0,1,1,1,Menengah,1,Big Order Occasional Seller
952,631a56fe5b9755003d2743d6,2023-04-04,272,1,146795000,146795000.0,1100962,0,0.0,1,1,1,Mikro,1,Big Order Occasional Seller
960,631a56ff5b9755003d27453c,2023-05-27,219,2,1160000,580000.0,8700,0,0.0,1,1,1,Mikro,1,Big Order Occasional Seller
962,631a56ff5b9755003d2745b1,2023-05-18,228,2,94949955,47474977.5,712124,0,0.0,1,1,1,Mikro,1,Big Order Occasional Seller
990,631a57025b9755003d274b3a,2023-05-11,235,2,10230000,5115000.0,76725,0,0.0,1,1,1,Mikro,1,Big Order Occasional Seller
1012,631a57035b9755003d274d81,2023-03-17,290,1,147491250,147491250.0,1106184,0,0.0,1,1,1,Kecil,1,Big Order Occasional Seller
1044,631a57065b9755003d275188,2023-03-31,276,1,341460,341460.0,2560,0,0.0,1,1,1,Mikro,1,Big Order Occasional Seller
1091,631a57095b9755003d27554c,2023-02-02,333,1,22644000,22644000.0,169830,0,0.0,1,1,1,Menengah,1,Big Order Occasional Seller
1106,631a57095b9755003d275659,2023-04-13,263,1,88000,88000.0,660,0,0.0,1,1,1,Mikro,1,Big Order Occasional Seller
1165,631a570b5b9755003d27594d,2023-04-20,256,2,19230750,9615375.0,144229,0,0.0,1,1,1,Menengah,1,Big Order Occasional Seller
1175,631a570c5b9755003d275a1f,2023-05-24,222,2,21645000,10822500.0,162337,0,0.0,1,1,1,Kecil,1,Big Order Occasional Seller
1178,631a570c5b9755003d275a48,2023-05-23,223,1,18700000,18700000.0,140250,0,0.0,1,1,1,Mikro,1,Big Order Occasional Seller
1181,631a570c5b9755003d275a87,2023-05-28,218,3,13800000,4600000.0,103500,0,0.0,1,1,1,Menengah,1,Big Order Occasional Seller
1184,631a570d5b9755003d275b98,2023-06-07,208,1,111000,111000.0,832,0,0.0,1,1,1,Swasta,1,Big Order Occasional Seller
1204,631a57135b9755003d275ec6,2023-01-19,347,2,38285000,19142500.0,287137,0,0.0,2,1,1,Menengah,1,Big Order Occasional Seller
1212,631a57165b9755003d2760b4,2023-06-17,198,1,43723469,43723469.0,327926,0,0.0,1,1,1,Menengah,1,Big Order Occasional Seller
1218,631a57817255a77e0e706d28,2023-01-20,346,1,160840,160840.0,1206,0,0.0,1,1,1,Menengah,1,Big Order Occasional Seller
1249,631a57877255a77e0e707404,2023-04-08,268,1,51400,51400.0,385,0,0.0,1,1,1,Menengah,1,Big Order Occasional Seller
1252,631a57887255a77e0e7074cd,2023-05-11,235,1,316500,316500.0,2373,0,0.0,1,1,1,Mikro,1,Big Order Occasional Seller
1260,631a57897255a77e0e70771c,2023-01-11,355,1,283000,283000.0,2122,1,67250.0,1,1,1,Kecil,1,Big Order Occasional Seller
1287,631a578e7255a77e0e707ce0,2023-04-27,249,1,2297700,2297700.0,17232,0,0.0,1,1,1,Kecil,1,Big Order Occasional Seller
1292,631a57907255a77e0e707f9b,2023-03-02,305,1,230000,230000.0,1725,0,0.0,1,1,1,Mikro,1,Big Order Occasional Seller
1305,631a57927255a77e0e708321,2023-05-31,215,1,199800,199800.0,1498,0,0.0,1,1,1,Kecil,1,Big Order Occasional Seller
1307,631a57937255a77e0e708446,2023-05-23,223,1,541000,541000.0,4057,0,0.0,1,1,1,Mikro,1,Big Order Occasional Seller
1332,631a57b17255a77e0e708e22,2023-02-08,327,1,3281700,3281700.0,24612,0,0.0,1,1,1,Kecil,1,Big Order Occasional Seller
1335,631a57b27255a77e0e708e81,2023-04-20,256,2,545000,272500.0,4087,0,0.0,2,1,2,Mikro,1,Big Order Occasional Seller
1338,631a57b27255a77e0e708ee9,2023-03-07,300,1,619000,619000.0,4642,0,0.0,1,0,0,Kecil,1,Big Order Occasional Seller
1383,631a57b77255a77e0e70937b,2023-01-03,363,1,60000,60000.0,450,0,0.0,1,1,1,Mikro,1,Big Order Occasional Seller
1398,631a57b87255a77e0e709513,2023-02-21,314,1,160000,160000.0,1200,0,0.0,1,1,1,Kecil,1,Big Order Occasional Seller
1419,631a57bd7255a77e0e709936,2023-03-16,291,1,29970000,29970000.0,224775,0,0.0,1,1,1,Kecil,1,Big Order Occasional Seller
1442,631a57bf7255a77e0e709b95,2023-03-10,297,1,49920000,49920000.0,374400,0,0.0,1,1,1,Menengah,1,Big Order Occasional Seller
1453,631a57c07255a77e0e709d03,2023-03-08,299,1,145000,145000.0,1087,0,0.0,1,1,1,Kecil,1,Big Order Occasional Seller
1460,631a57c27255a77e0e709edc,2023-06-06,209,1,2275000,2275000.0,17062,0,0.0,1,1,1,Menengah,1,Big Order Occasional Seller
1461,631a57c27255a77e0e709f14,2023-06-09,206,1,25308000,25308000.0,189810,0,0.0,1,1,1,Kecil,1,Big Order Occasional Seller
1476,631a57c47255a77e0e70a1bf,2023-04-22,254,1,72150000,72150000.0,541125,0,0.0,1,1,1,Menengah,1,Big Order Occasional Seller
1495,631a57c67255a77e0e70a566,2023-05-09,237,1,127199340,127199340.0,953995,0,0.0,1,1,1,Menengah,1,Big Order Occasional Seller
1512,631a57fc7255a77e0e70ba6c,2023-06-06,209,1,325000,325000.0,2437,0,0.0,1,1,1,Kecil,1,Big Order Occasional Seller
1519,631a581a8755a8a9895ef81d,2023-03-25,282,1,16698650,16698650.0,125239,0,0.0,1,1,1,Kecil,1,Big Order Occasional Seller
1520,631a581b8755a8a9895ef826,2023-03-02,305,1,10470075,10470075.0,78525,0,0.0,1,1,1,Kecil,1,Big Order Occasional Seller
1541,631a58718755a8a9895efce3,2023-06-21,194,1,280300,280300.0,2102,0,0.0,1,1,1,Mikro,1,Big Order Occasional Seller
1548,631a587e8755a8a9895efe75,2023-06-01,214,1,233100,233100.0,1748,0,0.0,1,1,1,Menengah,1,Big Order Occasional Seller
1575,631a58c38755a8a9895f053b,2023-03-29,278,1,1810600000,1810600000.0,4526500,0,0.0,1,1,1,Kecil,1,Big Order Occasional Seller
1614,631a590d8755a8a9895f0b12,2023-06-22,193,2,94350000,47175000.0,707625,0,0.0,1,1,1,Kecil,1,Big Order Occasional Seller
1627,631a59148755a8a9895f0c64,2023-04-07,269,1,74999925,74999925.0,562499,0,0.0,1,1,1,Menengah,1,Big Order Occasional Seller
1645,631a59278755a8a9895f0f76,2023-02-07,328,1,43202,43202.0,324,0,0.0,1,1,1,Kecil,1,Big Order Occasional Seller
1658,631a592f8755a8a9895f1206,2023-04-27,249,1,35400000,35400000.0,265500,0,0.0,1,1,1,Mikro,1,Big Order Occasional Seller
1661,631a592f8755a8a9895f123e,2023-05-25,221,1,64000,64000.0,480,0,0.0,1,1,1,Mikro,1,Big Order Occasional Seller
1688,631a59328755a8a9895f15e6,2023-04-26,250,2,86650,43325.0,649,0,0.0,2,2,2,Menengah,1,Big Order Occasional Seller
1709,631a59338755a8a9895f17fa,2023-04-18,258,1,77478000,77478000.0,581085,0,0.0,1,1,1,Menengah,1,Big Order Occasional Seller
1724,631a59348755a8a9895f1951,2023-04-26,250,1,319000,319000.0,2392,0,0.0,1,1,1,Mikro,1,Big Order Occasional Seller
1728,631a59348755a8a9895f19cc,2023-03-15,292,1,364000,364000.0,2730,0,0.0,1,1,1,Menengah,1,Big Order Occasional Seller
1739,631a59358755a8a9895f1ad4,2023-03-14,293,1,229250,229250.0,1719,0,0.0,1,1,1,Kecil,1,Big Order Occasional Seller
1743,631a59358755a8a9895f1b06,2023-05-17,229,1,143000,143000.0,1072,0,0.0,1,1,1,Kecil,1,Big Order Occasional Seller
1755,631a59368755a8a9895f1bd8,2023-03-16,291,1,111100,111100.0,833,0,0.0,1,1,1,Mikro,1,Big Order Occasional Seller
1763,631a59368755a8a9895f1c61,2023-03-22,285,2,506000,253000.0,3794,0,0.0,1,1,1,Kecil,1,Big Order Occasional Seller
1775,631a59368755a8a9895f1d5c,2023-02-26,309,1,4920000,4920000.0,36900,0,0.0,1,1,1,Mikro,1,Big Order Occasional Seller
1809,631a59388755a8a9895f1f72,2023-05-09,237,2,665000,332500.0,4987,0,0.0,2,2,2,Menengah,1,Big Order Occasional Seller
1841,631a59398755a8a9895f22e8,2023-06-13,202,1,464600,464600.0,3484,0,0.0,1,1,1,Kecil,1,Big Order Occasional Seller
1844,631a593a8755a8a9895f2302,2023-05-19,227,1,22200000,22200000.0,166500,0,0.0,1,1,1,Menengah,1,Big Order Occasional Seller
1848,631a593a8755a8a9895f2330,2023-04-13,263,1,26999999,26999999.0,202499,0,0.0,1,1,1,Kecil,1,Big Order Occasional Seller
1850,631a593a8755a8a9895f234a,2023-03-28,279,1,928560,928560.0,6964,0,0.0,1,1,1,Kecil,1,Big Order Occasional Seller
1854,631a593a8755a8a9895f2379,2023-01-12,354,1,336000,336000.0,2520,0,0.0,1,1,1,Mikro,1,Big Order Occasional Seller
1861,631a593a8755a8a9895f23d0,2023-05-10,236,2,2763900,1381950.0,20728,0,0.0,2,2,2,Kecil,1,Big Order Occasional Seller
1866,631a593b8755a8a9895f24a4,2023-01-26,340,1,124000,124000.0,930,0,0.0,1,1,1,Mikro,1,Big Order Occasional Seller
1869,631a593b8755a8a9895f253e,2023-04-06,270,2,337300,168650.0,2529,0,0.0,2,1,1,Mikro,1,Big Order Occasional Seller
1904,631a593d8755a8a9895f2782,2023-02-18,317,1,100899000,100899000.0,756742,0,0.0,1,1,1,Kecil,1,Big Order Occasional Seller
1938,631a59925b9755003d286f8f,2023-04-07,269,1,45100000,45100000.0,338250,0,0.0,1,1,1,Menengah,1,Big Order Occasional Seller
1952,631a59945b9755003d28732d,2023-05-25,221,3,360090,120030.0,2700,1,43750.0,3,2,2,Menengah,1,Big Order Occasional Seller
1981,631a59965b9755003d28772f,2023-05-12,234,1,300000,300000.0,2250,1,50000.0,1,1,1,Kecil,1,Big Order Occasional Seller
2008,631a59985b9755003d287ab7,2023-04-22,254,1,22200000,22200000.0,166500,0,0.0,1,1,1,Menengah,1,Big Order Occasional Seller
2012,631a59985b9755003d287b25,2023-04-20,256,2,21090000,10545000.0,158174,0,0.0,1,1,1,Mikro,1,Big Order Occasional Seller
2042,631a59995b9755003d287e9f,2023-03-18,289,1,3441000,3441000.0,25807,0,0.0,1,1,1,Kecil,1,Big Order Occasional Seller
2125,631a599d5b9755003d2887c4,2023-03-04,303,1,4771050,4771050.0,35782,0,0.0,1,1,1,Kecil,1,Big Order Occasional Seller
2133,631a599d5b9755003d28882e,2023-06-01,214,1,7631250,7631250.0,57234,0,0.0,1,1,1,Menengah,1,Big Order Occasional Seller
2150,631a599d5b9755003d288970,2023-02-14,321,1,112714664,112714664.0,845359,0,0.0,1,1,1,Menengah,1,Big Order Occasional Seller
2157,631a599e5b9755003d288a61,2023-06-21,194,1,69000,69000.0,517,0,0.0,1,1,1,Mikro,1,Big Order Occasional Seller
2163,631a599e5b9755003d288ae4,2023-04-26,250,1,175000,175000.0,1312,0,0.0,1,1,1,Menengah,1,Big Order Occasional Seller
2173,631a599f5b9755003d288ba4,2023-03-25,282,1,33688500,33688500.0,252663,0,0.0,1,1,1,Kecil,1,Big Order Occasional Seller
2191,631a599f5b9755003d288d01,2023-04-18,258,1,7250000,7250000.0,54375,0,0.0,1,1,1,Kecil,1,Big Order Occasional Seller
2196,631a599f5b9755003d288d6e,2023-04-11,265,1,66295240,66295240.0,497214,0,0.0,1,1,1,Menengah,1,Big Order Occasional Seller
2208,631a599f5b9755003d288ddf,2023-03-04,303,1,108000,108000.0,810,0,0.0,1,1,1,Kecil,1,Big Order Occasional Seller
2241,631a59a15b9755003d28912c,2023-03-02,305,1,270200,270200.0,2026,0,0.0,1,1,1,Kecil,1,Big Order Occasional Seller
2253,631a59a15b9755003d289267,2023-06-10,205,3,17546835,5848945.0,131600,0,0.0,3,2,3,Kecil,1,Big Order Occasional Seller
2258,631a59a25b9755003d289302,2023-04-05,271,1,52175550,52175550.0,391316,0,0.0,1,1,1,Menengah,1,Big Order Occasional Seller
2261,631a59a25b9755003d289356,2023-03-04,303,1,88800000,88800000.0,666000,0,0.0,1,1,1,Menengah,1,Big Order Occasional Seller
2268,631a59a25b9755003d2893e8,2023-03-11,296,1,119999999,119999999.0,899999,0,0.0,1,1,1,Menengah,1,Big Order Occasional Seller
2272,631a59a25b9755003d289458,2023-03-14,293,1,63000,63000.0,472,0,0.0,1,1,1,Kecil,1,Big Order Occasional Seller
2283,631a59a25b9755003d289579,2023-06-13,202,1,8883321,8883321.0,66624,0,0.0,1,1,1,Menengah,1,Big Order Occasional Seller
2331,631a59a55b9755003d289a25,2023-02-23,312,1,114885000,114885000.0,861637,0,0.0,1,1,1,Kecil,1,Big Order Occasional Seller
2352,631a59a65b9755003d289b90,2023-01-10,356,1,2487540,2487540.0,18656,0,0.0,1,1,1,Menengah,1,Big Order Occasional Seller
2363,631a59a65b9755003d289c51,2023-03-10,297,2,106000,53000.0,795,1,25000.0,2,1,1,Mikro,1,Big Order Occasional Seller
2366,631a59a65b9755003d289c6d,2023-06-10,205,1,19980000,19980000.0,149850,0,0.0,1,1,1,Menengah,1,Big Order Occasional Seller
2380,631a59a85b9755003d289ed3,2023-06-21,194,1,97244400,97244400.0,729333,0,0.0,1,1,1,Kecil,1,Big Order Occasional Seller
2397,631a59af5b9755003d28a9d5,2023-03-16,291,1,57278545,57278545.0,429589,0,0.0,1,1,1,Kecil,1,Big Order Occasional Seller
2404,631a5d0faa3096cbda25eb44,2023-02-10,325,2,50196860,25098430.0,376476,0,0.0,1,1,1,Kecil,1,Big Order Occasional Seller
2417,631a5d13aa3096cbda25ec49,2023-06-23,192,1,61500010,61500010.0,461250,0,0.0,1,1,1,Menengah,1,Big Order Occasional Seller
2431,631a5d1aaa3096cbda25ef2b,2023-03-07,300,1,3790499963,3790499963.0,9476249,0,0.0,1,1,1,Menengah,1,Big Order Occasional Seller
2447,631a5d25aa3096cbda25f169,2023-06-14,201,1,423891600,423891600.0,2119458,0,0.0,1,1,1,Menengah,1,Big Order Occasional Seller
2458,631a5d28aa3096cbda25f27d,2023-06-07,208,1,83250,83250.0,624,0,0.0,1,1,1,Menengah,1,Big Order Occasional Seller
2500,631a5d38aa3096cbda25f8e9,2023-02-06,329,1,66193340,66193340.0,496450,0,0.0,1,1,1,Menengah,1,Big Order Occasional Seller
2506,631a5d39aa3096cbda25f9c9,2023-04-25,251,1,21779090,21779090.0,163343,0,0.0,1,1,1,Mikro,1,Big Order Occasional Seller
2511,631a5d3aaa3096cbda25fa1b,2023-06-10,205,1,109890000,109890000.0,824175,0,0.0,1,1,1,Kecil,1,Big Order Occasional Seller
2519,631a5d3faa3096cbda25fb89,2023-03-28,279,1,6182700,6182700.0,46370,0,0.0,1,1,1,Kecil,1,Big Order Occasional Seller
2522,631a5d43aa3096cbda25fd02,2023-06-23,192,2,343106400,171553200.0,1751898,0,0.0,2,2,2,Kecil,1,Big Order Occasional Seller
2535,631a5d49aa3096cbda25fec2,2023-04-21,255,3,630629914,210209971.33333334,4729723,0,0.0,1,1,1,Menengah,1,Big Order Occasional Seller
2540,631a5d4daa3096cbda25fff4,2023-02-24,311,1,1500000,1500000.0,11250,0,0.0,1,1,1,Mikro,1,Big Order Occasional Seller
2557,631a5d54aa3096cbda2602c8,2023-05-20,226,1,345000,345000.0,2587,0,0.0,1,1,1,Kecil,1,Big Order Occasional Seller
2571,631a5d55aa3096cbda260419,2023-05-03,243,1,66500,66500.0,498,0,0.0,1,1,1,Mikro,1,Big Order Occasional Seller
2589,631a5d57aa3096cbda2606a8,2023-05-20,226,1,17760000,17760000.0,133200,0,0.0,1,1,1,Menengah,1,Big Order Occasional Seller
2595,631a5d57aa3096cbda26070c,2023-05-11,235,2,16505700,8252850.0,123792,0,0.0,1,1,1,Kecil,1,Big Order Occasional Seller
2598,631a5d58aa3096cbda260788,2023-03-08,299,1,47000,47000.0,352,0,0.0,1,1,1,Mikro,1,Big Order Occasional Seller
2601,631a5d58aa3096cbda2607d2,2023-04-05,271,1,213225000,213225000.0,1599187,0,0.0,1,1,1,Mikro,1,Big Order Occasional Seller
2625,631a5d5aaa3096cbda260ae7,2023-06-23,192,1,8802300,8802300.0,66017,0,0.0,1,1,1,Mikro,1,Big Order Occasional Seller
2630,631a5d5aaa3096cbda260b2e,2023-05-31,215,1,740458,740458.0,5553,0,0.0,1,1,1,Menengah,1,Big Order Occasional Seller
2634,631a5d5aaa3096cbda260b54,2023-04-05,271,1,57960,57960.0,434,0,0.0,1,1,1,Mikro,1,Big Order Occasional Seller
2645,631a5d5baa3096cbda260c7a,2023-03-08,299,1,20535000,20535000.0,154012,0,0.0,1,1,1,Menengah,1,Big Order Occasional Seller
2671,631a5d5daa3096cbda260eeb,2023-05-22,224,1,126383490,126383490.0,947876,0,0.0,1,1,1,Menengah,1,Big Order Occasional Seller
2690,631a5d5eaa3096cbda26109d,2023-04-13,263,2,287000,143500.0,2152,1,30000.0,2,1,1,Mikro,1,Big Order Occasional Seller
2693,631a5d5eaa3096cbda26110b,2023-02-23,312,1,191808000,191808000.0,1438560,0,0.0,1,1,1,Menengah,1,Big Order Occasional Seller
2707,631a5d65aa3096cbda261762,2023-05-20,226,1,98670000,98670000.0,740025,0,0.0,1,1,1,Menengah,1,Big Order Occasional Seller
2716,631a5d7d8755a8a989608430,2023-06-21,194,1,98790,98790.0,740,0,0.0,1,1,1,Kecil,1,Big Order Occasional Seller
2722,631a5d7f8755a8a9896085e1,2023-01-18,348,1,9607050,9607050.0,72052,0,0.0,1,1,1,Kecil,1,Big Order Occasional Seller
2739,631a5d868755a8a9896089ff,2023-03-07,300,1,80000,80000.0,600,0,0.0,1,1,1,Mikro,1,Big Order Occasional Seller
2743,631a5d868755a8a989608a56,2023-01-30,336,1,387136,387136.0,2903,0,0.0,1,1,1,Menengah,1,Big Order Occasional Seller
2751,631a5d888755a8a989608b78,2023-06-14,201,1,1250585197,1250585197.0,3126462,0,0.0,1,1,1,Kecil,1,Big Order Occasional Seller
2776,631a5d908755a8a9896090bf,2023-06-08,207,1,140484375,140484375.0,1053632,0,0.0,1,1,1,Swasta,1,Big Order Occasional Seller
2787,631a5d938755a8a98960921e,2023-06-01,214,1,40590000,40590000.0,304425,0,0.0,1,1,1,Kecil,1,Big Order Occasional Seller
2805,631a5d958755a8a989609348,2023-06-21,194,4,1151070000,287767500.0,4545450,0,0.0,2,1,1,Mikro,1,Big Order Occasional Seller
2807,631a5d958755a8a989609360,2023-04-14,262,1,18425000,18425000.0,138187,0,0.0,1,1,1,Kecil,1,Big Order Occasional Seller
2860,631a5da28755a8a989609b40,2023-04-11,265,1,263070,263070.0,1973,0,0.0,1,1,1,Menengah,1,Big Order Occasional Seller
2862,631a5da38755a8a989609b9f,2023-01-13,353,1,256300,256300.0,1922,0,0.0,1,1,1,Menengah,1,Big Order Occasional Seller
2865,631a5da38755a8a989609bce,2023-02-21,314,1,59809131,59809131.0,448568,0,0.0,1,1,1,Mikro,1,Big Order Occasional Seller
2867,631a5da58755a8a989609df7,2023-06-07,208,1,51600,51600.0,387,0,0.0,1,1,1,Mikro,1,Big Order Occasional Seller
2881,631a5dab8755a8a98960a0df,2023-05-11,235,1,68000,68000.0,510,0,0.0,1,1,1,Mikro,1,Big Order Occasional Seller
2884,631a5dab8755a8a98960a1bd,2023-05-09,237,1,73225000,73225000.0,549187,0,0.0,1,1,1,Mikro,1,Big Order Occasional Seller
2901,631a5dae8755a8a98960a455,2023-02-22,313,1,70000,70000.0,525,0,0.0,1,1,1,Mikro,1,Big Order Occasional Seller
2903,631a5dae8755a8a98960a4ac,2023-03-22,285,1,60000,60000.0,450,0,0.0,1,1,1,Mikro,1,Big Order Occasional Seller
2904,631a5dae8755a8a98960a4c6,2023-03-08,299,1,42210,42210.0,316,0,0.0,1,1,1,Kecil,1,Big Order Occasional Seller
2907,631a5daf8755a8a98960a5c4,2023-06-23,192,1,118800,118800.0,891,0,0.0,1,1,1,Kecil,1,Big Order Occasional Seller
2918,631a5db08755a8a98960a6e4,2023-04-18,258,1,21725000,21725000.0,162937,0,0.0,1,1,1,Menengah,1,Big Order Occasional Seller
2922,631a5db08755a8a98960a75e,2023-02-22,313,1,46269712,46269712.0,347022,0,0.0,1,1,1,Menengah,1,Big Order Occasional Seller
2924,631a5db08755a8a98960a776,2023-05-30,216,2,10000000,5000000.0,75000,0,0.0,1,1,1,Mikro,1,Big Order Occasional Seller
2939,631a5db18755a8a98960a94e,2023-03-25,282,2,97402376,48701188.0,730517,0,0.0,1,1,1,Mikro,1,Big Order Occasional Seller
2946,631a5db38755a8a98960ab43,2023-03-04,303,1,440720,440720.0,3305,0,0.0,1,1,1,Menengah,1,Big Order Occasional Seller
2950,631a5db38755a8a98960ac4d,2023-03-18,289,1,24000,24000.0,180,0,0.0,1,1,1,Kecil,1,Big Order Occasional Seller
2965,631a5db48755a8a98960ae03,2023-05-07,239,2,10300000,5150000.0,77250,0,0.0,1,1,1,Mikro,1,Big Order Occasional Seller
2974,631a5db58755a8a98960af34,2023-06-20,195,1,163900000,163900000.0,1229250,0,0.0,1,1,1,Kecil,1,Big Order Occasional Seller
2985,631a5db68755a8a98960b045,2023-06-21,194,1,126000,126000.0,945,1,50000.0,1,1,1,Mikro,1,Big Order Occasional Seller
2987,631a5db78755a8a98960b069,2023-02-16,319,1,114158023,114158023.0,856185,0,0.0,1,1,1,Kecil,1,Big Order Occasional Seller
2989,631a5db78755a8a98960b090,2023-04-12,264,2,130200,65100.0,976,0,0.0,2,2,2,Mikro,1,Big Order Occasional Seller
2992,631a5db78755a8a98960b0fe,2023-03-25,282,1,264210,264210.0,1981,0,0.0,1,1,1,Mikro,1,Big Order Occasional Seller
2995,631a5db88755a8a98960b1cf,2023-04-05,271,1,300000,300000.0,2250,0,0.0,1,1,1,Mikro,1,Big Order Occasional Seller
2996,631a5db88755a8a98960b1d9,2023-03-25,282,1,1501000,1501000.0,11257,0,0.0,1,1,1,Mikro,1,Big Order Occasional Seller
3002,631a5db88755a8a98960b32a,2023-06-14,201,1,5950000,5950000.0,44625,0,0.0,1,1,1,Menengah,1,Big Order Occasional Seller
3010,631a5db98755a8a98960b48a,2023-01-06,360,1,61000,61000.0,457,0,0.0,1,1,1,Mikro,1,Big Order Occasional Seller
3011,631a5db98755a8a98960b49a,2023-03-19,288,1,97000,97000.0,727,0,0.0,1,1,1,Mikro,1,Big Order Occasional Seller
3021,631a5dbf8755a8a98960be5b,2023-02-22,313,1,1000000,1000000.0,7500,0,0.0,1,1,1,Mikro,1,Big Order Occasional Seller
3042,631a5fb6aa3096cbda2793c4,2023-06-16,199,2,384960,192480.0,2887,1,17000.0,2,1,1,Mikro,1,Big Order Occasional Seller
3049,631a5fb8aa3096cbda279557,2023-04-11,265,1,95000,95000.0,712,0,0.0,1,1,1,Mikro,1,Big Order Occasional Seller
3050,631a5fb8aa3096cbda279598,2023-04-20,256,1,66000,66000.0,495,0,0.0,1,1,1,Mikro,1,Big Order Occasional Seller
3054,631a5fb8aa3096cbda2796a4,2023-03-10,297,1,89999,89999.0,674,0,0.0,1,1,1,Menengah,1,Big Order Occasional Seller
3055,631a5fb8aa3096cbda2796d2,2023-06-09,206,2,743470,371735.0,5575,1,50000.0,2,1,1,Mikro,1,Big Order Occasional Seller
3074,631a5fbeaa3096cbda27a097,2023-06-02,213,2,240000000,120000000.0,1800000,0,0.0,1,1,1,Mikro,1,Big Order Occasional Seller
3078,631a5fc2aa3096cbda27a1aa,2023-03-15,292,2,2363000,1181500.0,17722,0,0.0,2,1,2,Mikro,1,Big Order Occasional Seller
3085,631a5fc6aa3096cbda27a2b5,2023-05-12,234,2,80863500,40431750.0,606475,0,0.0,1,1,1,Kecil,1,Big Order Occasional Seller
3100,631a5fc9aa3096cbda27a50d,2023-05-17,229,1,32210,32210.0,241,0,0.0,1,1,1,Mikro,1,Big Order Occasional Seller
3101,631a5fc9aa3096cbda27a534,2023-03-18,289,1,112000,112000.0,840,0,0.0,1,1,1,Mikro,1,Big Order Occasional Seller
3109,631a5fcaaa3096cbda27a689,2023-03-18,289,1,50000,50000.0,375,0,0.0,1,1,1,Mikro,1,Big Order Occasional Seller
3110,631a5fcbaa3096cbda27a6e8,2023-02-26,309,1,185200,185200.0,1389,0,0.0,1,1,1,Mikro,1,Big Order Occasional Seller
3112,631a5fcbaa3096cbda27a79c,2023-03-28,279,1,142200,142200.0,1066,1,50000.0,1,1,1,Mikro,1,Big Order Occasional Seller
3116,631a5fcbaa3096cbda27a7fb,2023-05-27,219,1,2886000,2886000.0,21645,0,0.0,1,1,1,Mikro,1,Big Order Occasional Seller
3118,631a5fcbaa3096cbda27a83a,2023-01-11,355,1,74000,74000.0,555,0,0.0,1,1,1,Mikro,1,Big Order Occasional Seller
3119,631a5fcbaa3096cbda27a87c,2023-03-29,278,1,36880,36880.0,276,1,50000.0,1,1,1,Mikro,1,Big Order Occasional Seller
3123,631a5fccaa3096cbda27a979,2023-01-22,344,1,233599500,233599500.0,1751996,0,0.0,1,1,1,Menengah,1,Big Order Occasional Seller
3127,631a5fcdaa3096cbda27a9f3,2023-05-25,221,1,3950000,3950000.0,29625,0,0.0,1,1,1,Mikro,1,Big Order Occasional Seller
3131,631a5fcdaa3096cbda27aa22,2023-06-05,210,2,334700,167350.0,2509,0,0.0,2,1,1,Mikro,1,Big Order Occasional Seller
3134,631a5fcdaa3096cbda27aa31,2023-01-04,362,1,451000,451000.0,3382,0,0.0,1,1,1,Mikro,1,Big Order Occasional Seller
3145,631a5fcdaa3096cbda27aae7,2023-05-31,215,1,18315000,18315000.0,137362,0,0.0,1,1,1,Menengah,1,Big Order Occasional Seller
3162,631a62e78755a8a989620c7c,2023-01-19,347,1,1010100,1010100.0,7575,0,0.0,1,1,1,Mikro,1,Big Order Occasional Seller
3163,631a62e78755a8a989620caa,2023-05-31,215,3,60600450,20200150.0,454503,0,0.0,1,1,1,Kecil,1,Big Order Occasional Seller
3165,631a62e78755a8a989620cba,2023-04-22,254,1,147520,147520.0,1106,1,50000.0,1,1,1,Mikro,1,Big Order Occasional Seller
3172,631a62e98755a8a989620d55,2023-04-04,272,1,3726250,3726250.0,27946,0,0.0,1,1,1,Mikro,1,Big Order Occasional Seller
3179,631a62e98755a8a989620e06,2023-04-06,270,1,10028300,10028300.0,75212,0,0.0,1,1,1,Mikro,1,Big Order Occasional Seller
3180,631a62e98755a8a989620e08,2023-05-17,229,1,44000000,44000000.0,330000,0,0.0,1,1,1,Menengah,1,Big Order Occasional Seller
3182,631a62eb8755a8a989620e8b,2023-06-16,199,1,113000,113000.0,847,0,0.0,1,1,1,Mikro,1,Big Order Occasional Seller
3187,631a62eb8755a8a989620ee2,2023-03-17,290,1,126000,126000.0,945,0,0.0,1,1,1,Kecil,1,Big Order Occasional Seller
3197,631a62ee8755a8a989620f5c,2023-06-14,201,1,50312000,50312000.0,377340,0,0.0,1,1,1,Kecil,1,Big Order Occasional Seller
3198,631a62ee8755a8a989620f6e,2023-03-28,279,1,155000,155000.0,1162,0,0.0,1,1,1,Mikro,1,Big Order Occasional Seller
3203,631a62ee8755a8a989620ff7,2023-03-11,296,1,183150000,183150000.0,1373625,0,0.0,1,1,1,Mikro,1,Big Order Occasional Seller
3205,631a62ef8755a8a989621048,2023-01-19,347,1,224000,224000.0,1680,0,0.0,1,1,1,Mikro,1,Big Order Occasional Seller
3213,631a62f18755a8a98962116b,2023-04-01,275,1,5166840,5166840.0,38751,0,0.0,1,1,1,Mikro,1,Big Order Occasional Seller
3224,631a62f4aa3096cbda28dee7,2023-06-08,207,1,122245,122245.0,916,1,50000.0,1,1,1,Mikro,1,Big Order Occasional Seller
3244,631a62f6aa3096cbda28dfc6,2023-01-28,338,1,4870000,4870000.0,36525,0,0.0,1,1,1,Mikro,1,Big Order Occasional Seller
3250,631a62f78755a8a9896213e4,2023-04-05,271,2,74092500,37046250.0,555693,0,0.0,1,1,1,Mikro,1,Big Order Occasional Seller
3252,631a62f88755a8a9896213f2,2023-06-24,191,2,169918775,84959387.5,1274390,0,0.0,1,1,1,Mikro,1,Big Order Occasional Seller
3253,631a62f88755a8a98962140d,2023-03-15,292,1,110000,110000.0,825,1,50000.0,1,1,1,Mikro,1,Big Order Occasional Seller
3262,631a62f98755a8a9896214bd,2023-01-10,356,1,156862,156862.0,1176,1,50000.0,1,1,1,Mikro,1,Big Order Occasional Seller
3272,631a62faaa3096cbda28e0d0,2023-01-24,342,1,11500000,11500000.0,86250,0,0.0,1,1,1,Kecil,1,Big Order Occasional Seller
3280,631a62fbaa3096cbda28e111,2023-04-23,253,1,160000,160000.0,1200,1,50000.0,1,1,1,Mikro,1,Big Order Occasional Seller
3283,631a62fc8755a8a989621666,2023-04-26,250,2,199866600,99933300.0,1498999,0,0.0,1,1,1,Menengah,1,Big Order Occasional Seller
3290,631a62fe8755a8a98962172b,2023-02-10,325,1,484400,484400.0,3633,0,0.0,1,1,1,Mikro,1,Big Order Occasional Seller
3297,631a62feaa3096cbda28e244,2023-01-11,355,1,2513184,2513184.0,18848,0,0.0,1,1,1,Kecil,1,Big Order Occasional Seller
3309,631a63008755a8a9896218d9,2023-06-16,199,1,88315,88315.0,662,0,0.0,1,1,1,Mikro,1,Big Order Occasional Seller
3315,631a6300aa3096cbda28e319,2023-05-20,226,1,214177275,214177275.0,1606329,0,0.0,1,1,1,Kecil,1,Big Order Occasional Seller
3320,631a6301aa3096cbda28e351,2023-06-24,191,3,51600000,17200000.0,387000,0,0.0,1,1,1,Mikro,1,Big Order Occasional Seller
3322,631a63028755a8a989621a83,2023-03-08,299,1,41000,41000.0,307,0,0.0,1,1,1,Mikro,1,Big Order Occasional Seller
3328,631a63028755a8a989621b19,2023-01-06,360,1,139524336,139524336.0,1046432,0,0.0,1,1,1,Menengah,1,Big Order Occasional Seller
3363,631a6307aa3096cbda28e4db,2023-06-22,193,1,2236500,2236500.0,16773,0,0.0,1,1,1,Mikro,1,Big Order Occasional Seller
3368,631a6308aa3096cbda28e52f,2023-06-09,206,1,53000,53000.0,397,0,0.0,1,1,1,Kecil,1,Big Order Occasional Seller
3369,631a6308aa3096cbda28e531,2023-02-21,314,1,1715000,1715000.0,12862,0,0.0,1,1,1,Kecil,1,Big Order Occasional Seller
3370,631a6308aa3096cbda28e538,2023-04-20,256,1,70000,70000.0,525,0,0.0,1,1,1,Mikro,1,Big Order Occasional Seller
3382,631a630aaa3096cbda28e598,2023-01-17,349,1,105000,105000.0,787,1,50000.0,1,1,1,Mikro,1,Big Order Occasional Seller
3385,631a630aaa3096cbda28e5ad,2023-06-20,195,1,103290,103290.0,774,0,0.0,1,1,1,Mikro,1,Big Order Occasional Seller
3390,631a630aaa3096cbda28e5e3,2023-05-18,228,1,50505000,50505000.0,378787,0,0.0,1,1,1,Kecil,1,Big Order Occasional Seller
3433,631a630e8755a8a989621eb1,2023-04-28,248,1,18001,18001.0,135,0,0.0,1,1,1,Mikro,1,Big Order Occasional Seller
3436,631a630e8755a8a989621ee5,2023-03-26,281,2,164540,82270.0,1233,0,0.0,2,2,2,Mikro,1,Big Order Occasional Seller
3441,631a630e8755a8a989621f3e,2023-02-07,328,1,464000,464000.0,3480,0,0.0,1,1,1,Mikro,1,Big Order Occasional Seller
3443,631a630e8755a8a989621f5c,2023-02-12,323,1,87200,87200.0,654,1,32500.0,1,1,1,Mikro,1,Big Order Occasional Seller
3444,631a630eaa3096cbda28e7f6,2023-01-12,354,2,89910000,44955000.0,674324,0,0.0,1,1,1,Mikro,1,Big Order Occasional Seller
3446,631a630eaa3096cbda28e8fc,2023-04-22,254,2,168054000,84027000.0,1260405,0,0.0,1,1,1,Kecil,1,Big Order Occasional Seller
3467,631a63108755a8a98962218a,2023-06-21,194,4,230436,57609.0,1726,1,22800.0,4,2,2,Menengah,1,Big Order Occasional Seller
3472,631a63108755a8a989622208,2023-05-19,227,2,1840000,920000.0,13800,0,0.0,1,1,1,Mikro,1,Big Order Occasional Seller
3482,631a6310aa3096cbda28ea1e,2023-04-25,251,2,110944500,55472250.0,832083,0,0.0,2,2,2,Mikro,1,Big Order Occasional Seller
3497,631a63128755a8a98962233a,2023-06-08,207,1,58000,58000.0,435,0,0.0,1,1,1,Mikro,1,Big Order Occasional Seller
3517,631a63128755a8a9896224bd,2023-06-18,197,1,4383480,4383480.0,32876,0,0.0,1,1,1,Mikro,1,Big Order Occasional Seller
3520,631a6312aa3096cbda28eb30,2023-06-15,200,2,211000,105500.0,1582,0,0.0,2,1,2,Mikro,1,Big Order Occasional Seller
3521,631a6312aa3096cbda28eb3e,2023-05-17,229,1,94630000,94630000.0,709725,0,0.0,1,1,1,Mikro,1,Big Order Occasional Seller
3524,631a6312aa3096cbda28eb56,2023-04-14,262,1,234432,234432.0,1758,0,0.0,1,1,1,Mikro,1,Big Order Occasional Seller
3527,631a6312aa3096cbda28eb8d,2023-06-21,194,2,25725000,12862500.0,192937,0,0.0,1,1,1,Mikro,1,Big Order Occasional Seller
3529,631a6312aa3096cbda28eba5,2023-01-17,349,2,161005500,80502750.0,1207541,0,0.0,1,1,1,Kecil,1,Big Order Occasional Seller
3535,631a6312aa3096cbda28ec10,2023-06-23,192,1,38505060,38505060.0,288787,0,0.0,1,1,1,Kecil,1,Big Order Occasional Seller
3537,631a6312aa3096cbda28ec2b,2023-01-26,340,1,4917000,4917000.0,36877,0,0.0,1,1,1,Kecil,1,Big Order Occasional Seller
3538,631a6312aa3096cbda28ec35,2023-03-16,291,1,8491500,8491500.0,63686,0,0.0,1,1,1,Kecil,1,Big Order Occasional Seller
3539,631a6312aa3096cbda28ec43,2023-02-08,327,1,77760,77760.0,583,0,0.0,1,1,1,Mikro,1,Big Order Occasional Seller
3543,631a6312aa3096cbda28ec71,2023-04-21,255,1,113770,113770.0,853,1,50000.0,1,1,1,Mikro,1,Big Order Occasional Seller
3544,631a63138755a8a9896224fc,2023-04-18,258,1,680000,680000.0,5100,0,0.0,1,1,1,Mikro,1,Big Order Occasional Seller
3568,631a63148755a8a9896225ab,2023-06-08,207,1,62998,62998.0,472,1,50000.0,1,1,1,Mikro,1,Big Order Occasional Seller
3577,631a63148755a8a989622617,2023-03-23,284,2,2226150,1113075.0,16695,0,0.0,1,1,1,Menengah,1,Big Order Occasional Seller
3601,631a6314aa3096cbda28ee5d,2023-05-23,223,1,9990000,9990000.0,74925,0,0.0,1,1,1,Mikro,1,Big Order Occasional Seller
3606,631a6314aa3096cbda28ee99,2023-06-14,201,1,116500,116500.0,873,1,50000.0,1,1,1,Mikro,1,Big Order Occasional Seller
3611,631a6314aa3096cbda28eebb,2023-06-14,201,1,14250000,14250000.0,106875,0,0.0,1,1,1,Mikro,1,Big Order Occasional Seller
3613,631a6314aa3096cbda28eec1,2023-06-16,199,1,92000,92000.0,690,0,0.0,1,1,1,Kecil,1,Big Order Occasional Seller
3620,631a63158755a8a9896227b3,2023-04-18,258,1,63000,63000.0,472,0,0.0,1,1,1,Mikro,1,Big Order Occasional Seller
3637,631a6315aa3096cbda28efa9,2023-04-19,257,1,7000000,7000000.0,52500,0,0.0,1,1,1,Mikro,1,Big Order Occasional Seller
3639,631a6315aa3096cbda28efc6,2023-06-06,209,1,800000,800000.0,6000,0,0.0,1,1,1,Mikro,1,Big Order Occasional Seller
3640,631a6315aa3096cbda28efd4,2023-01-12,354,1,48279450,48279450.0,362095,0,0.0,1,1,1,Kecil,1,Big Order Occasional Seller
3645,631a6316aa3096cbda28f071,2023-02-04,331,1,321000,321000.0,2407,0,0.0,1,1,1,Mikro,1,Big Order Occasional Seller
3652,631a63178755a8a989622ada,2023-03-09,298,1,650000,650000.0,4875,0,0.0,1,1,1,Mikro,1,Big Order Occasional Seller
3656,631a6317aa3096cbda28f10b,2023-05-13,233,1,49990,49990.0,374,0,0.0,1,1,1,Mikro,1,Big Order Occasional Seller
3662,631a6317aa3096cbda28f158,2023-01-21,345,1,45480474,45480474.0,341103,0,0.0,1,1,1,Menengah,1,Big Order Occasional Seller
3663,631a6317aa3096cbda28f186,2023-06-14,201,2,56900000,28450000.0,426750,0,0.0,1,1,1,Mikro,1,Big Order Occasional Seller
3672,631a63188755a8a989622d61,2023-06-13,202,1,5843040,5843040.0,43822,0,0.0,1,1,1,Kecil,1,Big Order Occasional Seller
3673,631a6318aa3096cbda28f1f2,2023-03-04,303,1,196000,196000.0,1470,1,50000.0,1,1,1,Mikro,1,Big Order Occasional Seller
3683,631a631daa3096cbda28f986,2023-03-18,289,1,22549,22549.0,169,0,0.0,1,1,1,Mikro,1,Big Order Occasional Seller
3692,631a6562cdc00cf233d352c1,2023-03-10,297,1,100190969,100190969.0,751432,0,0.0,1,1,1,Kecil,1,Big Order Occasional Seller
3701,631a6564cdc00cf233d35625,2023-03-07,300,1,46200000,46200000.0,346500,0,0.0,1,1,1,Mikro,1,Big Order Occasional Seller
3714,631a6565cdc00cf233d35854,2023-05-19,227,1,85800,85800.0,643,0,0.0,1,1,1,Mikro,1,Big Order Occasional Seller
3718,631a6565cdc00cf233d35892,2023-05-28,218,3,709602,236534.0,5321,0,0.0,2,2,2,Menengah,1,Big Order Occasional Seller
3743,631a6566cdc00cf233d35ada,2023-03-22,285,1,50599546,50599546.0,379496,0,0.0,1,1,1,Mikro,1,Big Order Occasional Seller
3789,631a6569cdc00cf233d361cf,2023-06-24,191,3,132162500,44054166.666666664,991218,0,0.0,1,1,1,Kecil,1,Big Order Occasional Seller
3803,631a656bcdc00cf233d36350,2023-05-27,219,1,6054546,6054546.0,45409,0,0.0,1,1,1,Menengah,1,Big Order Occasional Seller
3814,631a656ccdc00cf233d36428,2023-03-11,296,1,83431,83431.0,625,0,0.0,1,1,1,Mikro,1,Big Order Occasional Seller
3817,631a656ccdc00cf233d36452,2023-02-09,326,1,21315000,21315000.0,159862,0,0.0,1,1,1,Mikro,1,Big Order Occasional Seller
3819,631a656ccdc00cf233d36495,2023-06-22,193,3,22382595,7460865.0,167868,0,0.0,2,1,1,Mikro,1,Big Order Occasional Seller
3822,631a656ccdc00cf233d364bb,2023-03-04,303,1,10101250,10101250.0,75759,0,0.0,1,1,1,Mikro,1,Big Order Occasional Seller
3823,631a656ccdc00cf233d364d8,2023-06-15,200,1,128000,128000.0,960,0,0.0,1,1,1,Mikro,1,Big Order Occasional Seller
3850,631a66c08755a8a989633cc7,2023-03-03,304,1,9750018,9750018.0,73125,0,0.0,1,1,1,Kecil,1,Big Order Occasional Seller
3860,631a66c28755a8a989633d7d,2023-04-23,253,1,96500,96500.0,723,0,0.0,1,1,1,Menengah,1,Big Order Occasional Seller
3861,631a66c28755a8a989633d83,2023-04-22,254,1,12000000,12000000.0,90000,0,0.0,1,1,1,Kecil,1,Big Order Occasional Seller
3878,631a66c98755a8a9896340c8,2023-04-19,257,1,180405,180405.0,1353,1,50000.0,1,1,1,Mikro,1,Big Order Occasional Seller
3915,631a66d58755a8a98963484c,2023-01-17,349,1,16500000,16500000.0,123750,0,0.0,1,1,1,Mikro,1,Big Order Occasional Seller
3919,631a66d58755a8a9896348bf,2023-03-14,293,2,384522,192261.0,2883,0,0.0,1,1,1,Menengah,1,Big Order Occasional Seller
3921,631a66d58755a8a9896348dc,2023-05-20,226,3,4941985,1647328.3333333333,37064,0,0.0,2,2,2,Menengah,1,Big Order Occasional Seller
3922,631a66d58755a8a9896348f5,2023-03-08,299,1,79000,79000.0,592,0,0.0,1,1,1,Mikro,1,Big Order Occasional Seller
3946,631a66d88755a8a989634b16,2023-05-25,221,1,1877000,1877000.0,14077,0,0.0,1,1,1,Mikro,1,Big Order Occasional Seller
3974,631a66dd8755a8a989634e6a,2023-04-11,265,1,19990,19990.0,149,0,0.0,1,1,1,Mikro,1,Big Order Occasional Seller
3977,631a66dd8755a8a989634ea0,2023-04-13,263,1,310000,310000.0,2325,0,0.0,1,1,1,Mikro,1,Big Order Occasional Seller
3981,631a66de8755a8a989634f20,2023-01-13,353,1,12192224,12192224.0,91441,0,0.0,1,1,1,Kecil,1,Big Order Occasional Seller
3990,631a67047476cace45390125,2023-04-01,275,2,143068360,71534180.0,1073012,0,0.0,1,1,1,Mikro,1,Big Order Occasional Seller
3993,631a67057476cace45390241,2023-05-11,235,1,112000,112000.0,840,0,0.0,1,1,1,Mikro,1,Big Order Occasional Seller
3994,631a67057476cace45390269,2023-06-09,206,1,33880,33880.0,254,0,0.0,1,1,1,Kecil,1,Big Order Occasional Seller
3998,631a67067476cace453902eb,2023-01-25,341,1,39990,39990.0,299,1,25000.0,1,1,1,Mikro,1,Big Order Occasional Seller
4000,631a67067476cace45390330,2023-04-12,264,1,94200,94200.0,706,0,0.0,1,1,1,Mikro,1,Big Order Occasional Seller
4009,631a67097476cace4539062e,2023-04-01,275,1,7302701,7302701.0,54770,0,0.0,1,1,1,Besar,1,Big Order Occasional Seller
4012,631a670a7476cace45390680,2023-03-10,297,1,66000,66000.0,495,0,0.0,1,1,1,Mikro,1,Big Order Occasional Seller
4013,631a670a7476cace4539068a,2023-03-31,276,1,414400,414400.0,3108,0,0.0,1,1,1,Mikro,1,Big Order Occasional Seller
4014,631a670a7476cace453906c9,2023-03-25,282,1,100000,100000.0,750,0,0.0,1,1,1,Mikro,1,Big Order Occasional Seller
4028,631a670e7476cace453909d8,2023-03-21,286,1,40001,40001.0,300,0,0.0,1,1,1,Mikro,1,Big Order Occasional Seller
4041,631a67127476cace45390d13,2023-04-07,269,2,108470310,54235155.0,813526,0,0.0,1,1,1,Mikro,1,Big Order Occasional Seller
4042,631a67127476cace45390d1b,2023-05-12,234,1,4557000,4557000.0,34177,0,0.0,1,1,1,Mikro,1,Big Order Occasional Seller
4054,631a67147476cace45390edc,2023-01-10,356,1,63492000,63492000.0,476190,0,0.0,1,1,1,Mikro,1,Big Order Occasional Seller
4070,631a67187476cace453911ef,2023-01-20,346,1,33500,33500.0,251,1,25000.0,1,1,1,Mikro,1,Big Order Occasional Seller
4076,631a67197476cace45391300,2023-06-21,194,1,38150000,38150000.0,286125,0,0.0,1,1,1,Mikro,1,Big Order Occasional Seller
4079,631a67197476cace45391338,2023-05-23,223,1,71120,71120.0,533,0,0.0,1,1,1,Mikro,1,Big Order Occasional Seller
4090,631a671c7476cace4539143f,2023-01-30,336,1,45000,45000.0,337,0,0.0,1,1,1,Mikro,1,Big Order Occasional Seller
4091,631a671c7476cace4539144d,2023-02-08,327,1,22000,22000.0,165,0,0.0,1,1,1,Kecil,1,Big Order Occasional Seller
4094,631a671d7476cace4539147d,2023-05-20,226,3,387900,129300.0,2907,0,0.0,3,2,2,Mikro,1,Big Order Occasional Seller
4100,631a671f7476cace45391552,2023-06-02,213,1,2963700,2963700.0,22227,0,0.0,1,1,1,Kecil,1,Big Order Occasional Seller
4113,631a67227476cace45391611,2023-06-14,201,1,13569750,13569750.0,101773,0,0.0,1,1,1,Mikro,1,Big Order Occasional Seller
4126,631a67297476cace453921ae,2023-01-30,336,1,12740000,12740000.0,95550,0,0.0,1,1,1,Kecil,1,Big Order Occasional Seller
4128,631a682ecdc00cf233d42ef1,2023-03-04,303,1,122500,122500.0,918,0,0.0,1,1,1,Mikro,1,Big Order Occasional Seller
4129,631a682ecdc00cf233d42efe,2023-04-18,258,1,122180,122180.0,916,0,0.0,1,1,1,Mikro,1,Big Order Occasional Seller
4138,631a682ecdc00cf233d42fc6,2023-01-20,346,1,63870,63870.0,479,0,0.0,1,1,1,Mikro,1,Big Order Occasional Seller
4142,631a682ecdc00cf233d43091,2023-05-09,237,1,28640000,28640000.0,214800,0,0.0,1,1,1,Besar,1,Big Order Occasional Seller
4146,631a682fcdc00cf233d4314c,2023-01-30,336,1,11181000,11181000.0,83857,0,0.0,1,1,1,Mikro,1,Big Order Occasional Seller
4147,631a682fcdc00cf233d43179,2023-06-12,203,2,140000,70000.0,1050,0,0.0,2,1,1,Mikro,1,Big Order Occasional Seller
4151,631a682fcdc00cf233d431ce,2023-06-12,203,1,165000,165000.0,1237,0,0.0,1,1,1,Mikro,1,Big Order Occasional Seller
4153,631a682fcdc00cf233d431dc,2023-03-15,292,1,24420000,24420000.0,183150,0,0.0,1,1,1,Kecil,1,Big Order Occasional Seller
4166,631a6830cdc00cf233d43480,2023-01-19,347,1,144000,144000.0,1080,0,0.0,1,1,1,Mikro,1,Big Order Occasional Seller
4167,631a6830cdc00cf233d43490,2023-03-01,306,1,2220000,2220000.0,16650,0,0.0,1,1,1,Mikro,1,Big Order Occasional Seller
4175,631a6831cdc00cf233d436b0,2023-05-11,235,2,107670000,53835000.0,807524,0,0.0,1,1,1,Mikro,1,Big Order Occasional Seller
4178,631a6831cdc00cf233d43783,2023-01-19,347,1,65000,65000.0,487,0,0.0,1,1,1,Mikro,1,Big Order Occasional Seller
4182,631a6832cdc00cf233d43970,2023-01-24,342,1,92160,92160.0,691,0,0.0,1,1,1,Mikro,1,Big Order Occasional Seller
4184,631a6832cdc00cf233d439b8,2023-06-24,191,1,14990,14990.0,112,0,0.0,1,1,1,Mikro,1,Big Order Occasional Seller
4186,631a6833cdc00cf233d439e8,2023-06-06,209,1,174000,174000.0,1305,0,0.0,1,1,1,Mikro,1,Big Order Occasional Seller
4187,631a6833cdc00cf233d43a1c,2023-03-17,290,3,288051660,96017220.0,2160386,0,0.0,1,1,1,Kecil,1,Big Order Occasional Seller
4189,631a6834cdc00cf233d43b71,2023-06-09,206,1,58880,58880.0,441,0,0.0,1,1,1,Kecil,1,Big Order Occasional Seller
4199,631a6834cdc00cf233d43d5e,2023-05-10,236,4,240393447,60098361.75,1802949,0,0.0,1,1,1,Menengah,1,Big Order Occasional Seller
4206,631a6835cdc00cf233d43ec7,2023-03-15,292,1,152948898,152948898.0,1147116,0,0.0,1,1,1,Menengah,1,Big Order Occasional Seller
4208,631a6835cdc00cf233d43f14,2023-01-07,359,1,58000,58000.0,435,0,0.0,1,1,1,Mikro,1,Big Order Occasional Seller
4213,631a6835cdc00cf233d43fc4,2023-02-15,320,1,387600,387600.0,2907,0,0.0,1,1,1,Mikro,1,Big Order Occasional Seller
4225,631a6837cdc00cf233d44355,2023-05-17,229,1,3700000,3700000.0,27750,0,0.0,1,1,1,Mikro,1,Big Order Occasional Seller
4232,631a6837cdc00cf233d443da,2023-04-26,250,1,68970,68970.0,517,0,0.0,1,1,1,Mikro,1,Big Order Occasional Seller
4237,631a6838cdc00cf233d44448,2023-02-11,324,1,110000,110000.0,825,0,0.0,1,1,1,Mikro,1,Big Order Occasional Seller
4241,631a6838cdc00cf233d4448c,2023-03-16,291,1,41850000,41850000.0,313875,0,0.0,1,1,1,Mikro,1,Big Order Occasional Seller
4250,631a683acdc00cf233d445c5,2023-03-21,286,1,46634000,46634000.0,349755,0,0.0,1,1,1,Mikro,1,Big Order Occasional Seller
4253,631a683bcdc00cf233d44694,2023-06-08,207,1,66000,66000.0,495,0,0.0,1,1,1,Mikro,1,Big Order Occasional Seller
4257,631a683ccdc00cf233d44718,2023-06-02,213,1,68000,68000.0,510,0,0.0,1,1,1,Mikro,1,Big Order Occasional Seller
4264,631a6840cdc00cf233d459a6,2023-04-21,255,1,67700,67700.0,507,0,0.0,1,1,1,Mikro,1,Big Order Occasional Seller
4268,631a697d7476cace453a6436,2023-06-13,202,1,44926140,44926140.0,336946,0,0.0,1,1,1,Kecil,1,Big Order Occasional Seller
4273,631a697e7476cace453a64e4,2023-03-23,284,1,124325550,124325550.0,932441,0,0.0,1,1,1,Menengah,1,Big Order Occasional Seller
4275,631a697e7476cace453a6533,2023-04-06,270,1,57500,57500.0,431,0,0.0,1,1,1,Mikro,1,Big Order Occasional Seller
4278,631a697e7476cace453a6583,2023-03-23,284,1,109072,109072.0,818,0,0.0,1,1,1,Mikro,1,Big Order Occasional Seller
4288,631a697f7476cace453a6741,2023-04-13,263,3,66600000,22200000.0,499500,0,0.0,1,1,1,Kecil,1,Big Order Occasional Seller
4298,631a69807476cace453a6888,2023-05-24,222,1,10822500,10822500.0,81168,0,0.0,1,1,1,Mikro,1,Big Order Occasional Seller
4299,631a69807476cace453a6890,2023-02-15,320,1,743096875,743096875.0,1857742,0,0.0,1,1,1,Menengah,1,Big Order Occasional Seller
4307,631a69827476cace453a6b00,2023-02-10,325,1,89000,89000.0,667,0,0.0,1,1,1,Mikro,1,Big Order Occasional Seller
4308,631a69827476cace453a6b12,2023-05-13,233,1,80000,80000.0,600,0,0.0,1,1,1,Mikro,1,Big Order Occasional Seller
4309,631a69837476cace453a6b5b,2023-06-13,202,1,84300,84300.0,632,0,0.0,1,1,1,Mikro,1,Big Order Occasional Seller
4313,631a69837476cace453a6b8a,2023-03-10,297,1,23213000,23213000.0,174097,0,0.0,1,1,1,Mikro,1,Big Order Occasional Seller
4320,631a69837476cace453a6c7c,2023-04-23,253,3,109280000,36426666.666666664,819600,0,0.0,2,2,2,Mikro,1,Big Order Occasional Seller
4325,631a69847476cace453a6d16,2023-03-22,285,2,90500000,45250000.0,678750,0,0.0,1,1,1,Mikro,1,Big Order Occasional Seller
4344,631a69877476cace453a6f2c,2023-05-31,215,2,46500000,23250000.0,348750,0,0.0,1,1,1,Mikro,1,Big Order Occasional Seller
4348,631a69877476cace453a6f3c,2023-04-09,267,1,4500000,4500000.0,33750,0,0.0,1,1,1,Mikro,1,Big Order Occasional Seller
4349,631a69877476cace453a6f5b,2023-01-31,335,1,1220000,1220000.0,9150,0,0.0,1,1,1,Mikro,1,Big Order Occasional Seller
4364,631a69897476cace453a7042,2023-05-31,215,1,5260000,5260000.0,39450,0,0.0,1,1,1,Mikro,1,Big Order Occasional Seller
4365,631a69897476cace453a7044,2023-05-09,237,2,96249477,48124738.5,721870,0,0.0,2,2,2,Menengah,1,Big Order Occasional Seller
4380,631a698b7476cace453a7192,2023-04-27,249,2,103230000,51615000.0,774225,0,0.0,1,1,1,Kecil,1,Big Order Occasional Seller
4384,631a698b7476cace453a7231,2023-05-31,215,2,17925390,8962695.0,134440,0,0.0,1,1,1,Kecil,1,Big Order Occasional Seller
4387,631a698b7476cace453a7271,2023-03-26,281,1,100000,100000.0,750,0,0.0,1,1,1,Mikro,1,Big Order Occasional Seller
4402,631a698d7476cace453a7366,2023-01-20,346,1,1088910,1088910.0,8166,0,0.0,1,1,1,Mikro,1,Big Order Occasional Seller
4421,631a69907476cace453a7562,2023-01-13,353,1,150001,150001.0,1125,0,0.0,1,1,1,Mikro,1,Big Order Occasional Seller
4424,631a69907476cace453a7570,2023-05-01,245,1,119536,119536.0,896,0,0.0,1,1,1,Mikro,1,Big Order Occasional Seller
4425,631a69907476cace453a7580,2023-05-10,236,2,146640,73320.0,1099,0,0.0,1,1,1,Mikro,1,Big Order Occasional Seller
4429,631a69907476cace453a75ce,2023-04-12,264,1,22977000,22977000.0,172327,0,0.0,1,1,1,Kecil,1,Big Order Occasional Seller
4430,631a69917476cace453a7606,2023-01-19,347,1,55422322,55422322.0,415667,0,0.0,1,1,1,Mikro,1,Big Order Occasional Seller
4447,631a69927476cace453a7718,2023-05-12,234,1,128910,128910.0,966,0,0.0,1,1,1,Mikro,1,Big Order Occasional Seller
4465,631a69947476cace453a791f,2023-04-18,258,1,7437000,7437000.0,55777,0,0.0,1,1,1,Mikro,1,Big Order Occasional Seller
4466,631a69957476cace453a7951,2023-01-31,335,1,164899999,164899999.0,1236749,0,0.0,1,1,1,Mikro,1,Big Order Occasional Seller
4485,631a6bb97476cace453bf021,2023-03-10,297,1,52910148,52910148.0,396826,0,0.0,1,1,1,Kecil,1,Big Order Occasional Seller
4494,631a6bbb7476cace453bf103,2023-04-25,251,4,18613336,4653334.0,139599,0,0.0,1,1,1,Mikro,1,Big Order Occasional Seller
4504,631a6bbf7476cace453bf1eb,2023-01-12,354,1,60600,60600.0,454,0,0.0,1,1,1,Mikro,1,Big Order Occasional Seller
4511,631a6bcb7476cace453bf4a0,2023-06-14,201,1,11373071,11373071.0,85298,0,0.0,1,1,1,Kecil,1,Big Order Occasional Seller
4515,631a6bcc7476cace453bf5ab,2023-03-14,293,2,44890508,22445254.0,336677,0,0.0,1,1,1,Kecil,1,Big Order Occasional Seller
4529,631a6bce7476cace453bf689,2023-04-25,251,1,44500,44500.0,333,0,0.0,1,1,1,Kecil,1,Big Order Occasional Seller
4531,631a6bce7476cace453bf6ba,2023-01-20,346,1,52000,52000.0,390,0,0.0,1,1,1,Mikro,1,Big Order Occasional Seller
4532,631a6bcf7476cace453bf6d7,2023-01-20,346,1,31135500,31135500.0,233516,0,0.0,1,1,1,Mikro,1,Big Order Occasional Seller
4535,631a6bd07476cace453bf73f,2023-05-21,225,1,74647500,74647500.0,559856,0,0.0,1,1,1,Mikro,1,Big Order Occasional Seller
4549,631a6bd27476cace453bf884,2023-05-19,227,1,17200000,17200000.0,129000,0,0.0,1,1,1,Mikro,1,Big Order Occasional Seller
4562,631a6bd47476cace453bf95c,2023-01-20,346,1,6000000,6000000.0,45000,0,0.0,1,1,1,Kecil,1,Big Order Occasional Seller
4574,631a6bd67476cace453bfa3d,2023-06-23,192,1,14907300,14907300.0,111804,0,0.0,1,1,1,Mikro,1,Big Order Occasional Seller
4578,631a6bd77476cace453bfa83,2023-02-11,324,1,150324326,150324326.0,1127432,0,0.0,1,1,1,Menengah,1,Big Order Occasional Seller
4579,631a6bd77476cace453bfa92,2023-03-28,279,1,12500000,12500000.0,93750,0,0.0,1,1,1,Mikro,1,Big Order Occasional Seller
4582,631a6bd77476cace453bfad8,2023-03-15,292,1,63000,63000.0,472,0,0.0,1,1,1,Mikro,1,Big Order Occasional Seller
4592,631a6bd97476cace453bfb81,2023-03-22,285,1,12043500,12043500.0,90326,0,0.0,1,1,1,Kecil,1,Big Order Occasional Seller
4594,631a6bd97476cace453bfba2,2023-03-31,276,1,94128,94128.0,705,0,0.0,1,1,1,Mikro,1,Big Order Occasional Seller
4620,631a6bdb7476cace453bfd69,2023-04-16,260,1,39960000,39960000.0,299700,0,0.0,1,1,1,Kecil,1,Big Order Occasional Seller
4626,631a6bdc7476cace453bfdea,2023-05-23,223,1,35750,35750.0,268,0,0.0,1,1,1,Kecil,1,Big Order Occasional Seller
4628,631a6bdc7476cace453bfe0b,2023-04-04,272,1,32000,32000.0,240,0,0.0,1,1,1,Mikro,1,Big Order Occasional Seller
4633,631a6bdd7476cace453bfe6b,2023-03-10,297,1,53908038,53908038.0,404310,0,0.0,1,1,1,Kecil,1,Big Order Occasional Seller
4651,631a6beb7476cace453c005a,2023-03-31,276,1,1234675200,1234675200.0,3086688,0,0.0,1,1,1,Menengah,1,Big Order Occasional Seller
4653,631a6beb7476cace453c00b7,2023-06-21,194,1,8000000,8000000.0,60000,0,0.0,1,1,1,Kecil,1,Big Order Occasional Seller
4657,631a6beb7476cace453c00f6,2023-03-29,278,2,63825000,31912500.0,478687,0,0.0,1,1,1,Mikro,1,Big Order Occasional Seller
4675,631a6bec7476cace453c023b,2023-03-14,293,1,58000,58000.0,435,0,0.0,1,1,1,Mikro,1,Big Order Occasional Seller
4677,631a6bec7476cace453c0257,2023-02-18,317,1,88000,88000.0,660,0,0.0,1,1,1,Mikro,1,Big Order Occasional Seller
4699,631a6bee7476cace453c041d,2023-01-18,348,1,81000,81000.0,607,0,0.0,1,1,1,Mikro,1,Big Order Occasional Seller
4703,631a6bee7476cace453c046d,2023-02-10,325,1,57179730,57179730.0,428847,0,0.0,1,1,1,Mikro,1,Big Order Occasional Seller
4705,631a6bee7476cace453c0486,2023-01-27,339,1,110478800,110478800.0,828591,0,0.0,1,1,1,Kecil,1,Big Order Occasional Seller
4711,631a6bef7476cace453c04d6,2023-05-13,233,1,122450,122450.0,918,0,0.0,1,1,1,Mikro,1,Big Order Occasional Seller
4712,631a6bef7476cace453c04e4,2023-05-20,226,1,35075716,35075716.0,263067,0,0.0,1,1,1,Kecil,1,Big Order Occasional Seller
4713,631a6bef7476cace453c04e8,2023-03-17,290,1,187300,187300.0,1404,0,0.0,1,1,1,Kecil,1,Big Order Occasional Seller
4721,631a6bef7476cace453c05a8,2023-05-23,223,1,56500,56500.0,423,0,0.0,1,1,1,Mikro,1,Big Order Occasional Seller
4722,631a6bf27476cace453c0f4a,2023-06-14,201,1,139789515,139789515.0,1048421,0,0.0,1,1,1,Kecil,1,Big Order Occasional Seller
4730,631a6dd47476cace453d4310,2023-01-12,354,2,145310100,72655050.0,1089825,0,0.0,1,1,1,Mikro,1,Big Order Occasional Seller
4743,631a6dd87476cace453d4591,2023-03-15,292,1,31500,31500.0,236,0,0.0,1,1,1,Mikro,1,Big Order Occasional Seller
4746,631a6dd87476cace453d45a9,2023-03-01,306,2,7795000,3897500.0,58462,0,0.0,1,1,1,Mikro,1,Big Order Occasional Seller
4748,631a6dd87476cace453d45b9,2023-03-28,279,1,27900,27900.0,209,0,0.0,1,1,1,Mikro,1,Big Order Occasional Seller
4756,631a6dd87476cace453d463e,2023-06-25,190,1,3955000,3955000.0,29662,0,0.0,1,1,1,Mikro,1,Big Order Occasional Seller
4762,631a6dd97476cace453d46b8,2023-06-15,200,3,2717000,905666.6666666666,20377,0,0.0,1,1,1,Menengah,1,Big Order Occasional Seller
4764,631a6dda7476cace453d4704,2023-06-24,191,1,240000,240000.0,1800,0,0.0,1,1,1,Mikro,1,Big Order Occasional Seller
4779,631a6ddc7476cace453d47ff,2023-01-18,348,1,34909500,34909500.0,261821,0,0.0,1,1,1,Menengah,1,Big Order Occasional Seller
4782,631a6ddc7476cace453d4824,2023-03-28,279,3,4685675,1561891.6666666667,35142,0,0.0,2,2,2,Menengah,1,Big Order Occasional Seller
4803,631a6ddf7476cace453d4a44,2023-06-22,193,1,5080000,5080000.0,38100,0,0.0,1,1,1,Mikro,1,Big Order Occasional Seller
4809,631a6de07476cace453d4b32,2023-04-14,262,1,90012120,90012120.0,675090,0,0.0,1,1,1,Kecil,1,Big Order Occasional Seller
4813,631a6de07476cace453d4b7d,2023-05-18,228,1,8325000,8325000.0,62437,0,0.0,1,1,1,Kecil,1,Big Order Occasional Seller
4819,631a6de17476cace453d4c02,2023-06-10,205,1,344100,344100.0,2580,0,0.0,1,1,1,Mikro,1,Big Order Occasional Seller
4820,631a6de17476cace453d4c0d,2023-04-21,255,3,255203513,85067837.66666667,1914024,0,0.0,2,1,1,Kecil,1,Big Order Occasional Seller
4822,631a6de17476cace453d4c88,2023-06-02,213,1,6200000,6200000.0,46500,0,0.0,1,1,1,Mikro,1,Big Order Occasional Seller
4825,631a6de27476cace453d4d03,2023-06-08,207,1,44500000,44500000.0,333750,0,0.0,1,1,1,Mikro,1,Big Order Occasional Seller
4833,631a6de27476cace453d4d8c,2023-05-24,222,1,31912500,31912500.0,239343,0,0.0,1,1,1,Mikro,1,Big Order Occasional Seller
4836,631a6de27476cace453d4da2,2023-04-22,254,1,109104,109104.0,818,0,0.0,1,1,1,Mikro,1,Big Order Occasional Seller
4848,631a6de37476cace453d4eb2,2023-04-13,263,1,1254000,1254000.0,9405,0,0.0,1,1,1,Mikro,1,Big Order Occasional Seller
4853,631a6de47476cace453d4f4c,2023-03-11,296,1,152000,152000.0,1140,0,0.0,1,1,1,Mikro,1,Big Order Occasional Seller
4869,631a6de57476cace453d50d5,2023-06-23,192,1,36852000,36852000.0,276390,0,0.0,1,1,1,Mikro,1,Big Order Occasional Seller
4871,631a6de57476cace453d5101,2023-03-23,284,1,10545000,10545000.0,79087,0,0.0,1,1,1,Mikro,1,Big Order Occasional Seller
4875,631a6de67476cace453d5199,2023-06-21,194,4,63151940,15787985.0,473638,0,0.0,2,1,1,Menengah,1,Big Order Occasional Seller
4881,631a6de67476cace453d52a4,2023-03-17,290,1,350000,350000.0,2625,0,0.0,1,1,1,Mikro,1,Big Order Occasional Seller
4885,631a6de77476cace453d52db,2023-03-10,297,2,106356514,53178257.0,797672,0,0.0,1,1,1,Menengah,1,Big Order Occasional Seller
4889,631a6de77476cace453d5347,2023-03-18,289,1,303000,303000.0,2272,0,0.0,1,1,1,Mikro,1,Big Order Occasional Seller
4894,631a6de77476cace453d538d,2023-03-18,289,1,18065169,18065169.0,135488,0,0.0,1,1,1,Kecil,1,Big Order Occasional Seller
4898,631a6de87476cace453d5426,2023-03-22,285,3,109310974,36436991.333333336,819831,0,0.0,1,1,1,Kecil,1,Big Order Occasional Seller
4904,631a6de97476cace453d5518,2023-04-08,268,1,73000,73000.0,547,0,0.0,1,0,0,Mikro,1,Big Order Occasional Seller
4911,631a6deb7476cace453d55e8,2023-03-08,299,1,152000,152000.0,1140,0,0.0,1,1,1,Mikro,1,Big Order Occasional Seller
4921,631a6dec7476cace453d5745,2023-05-19,227,2,37129786,18564893.0,278473,0,0.0,1,1,1,Kecil,1,Big Order Occasional Seller
4931,631a6ded7476cace453d5859,2023-03-31,276,1,86600,86600.0,649,0,0.0,1,1,1,Mikro,1,Big Order Occasional Seller
4936,631a6ded7476cace453d5890,2023-04-18,258,1,15000,15000.0,112,0,0.0,1,1,1,Mikro,1,Big Order Occasional Seller
4939,631a6ded7476cace453d58d5,2023-06-15,200,1,50000,50000.0,375,0,0.0,1,1,1,Mikro,1,Big Order Occasional Seller
4941,631a6ded7476cace453d58ed,2023-05-10,236,1,10525020,10525020.0,78937,0,0.0,1,1,1,Kecil,1,Big Order Occasional Seller
4946,631a6dee7476cace453d599c,2023-04-12,264,1,20001,20001.0,150,0,0.0,1,1,1,Mikro,1,Big Order Occasional Seller
4951,631a6dee7476cace453d5a24,2023-06-06,209,1,10240000,10240000.0,76800,0,0.0,1,1,1,Mikro,1,Big Order Occasional Seller
4956,631a6dee7476cace453d5a60,2023-05-18,228,2,9129000,4564500.0,68467,0,0.0,2,1,1,Mikro,1,Big Order Occasional Seller
4958,631a6def7476cace453d5aa2,2023-04-11,265,2,402219600,201109800.0,3016646,0,0.0,1,1,1,Kecil,1,Big Order Occasional Seller
4975,631a6df07476cace453d5c3d,2023-05-26,220,2,7375000,3687500.0,55312,0,0.0,2,1,2,Menengah,1,Big Order Occasional Seller
4976,631a6df17476cace453d5c71,2023-03-02,305,1,750000,750000.0,5625,0,0.0,1,1,1,Mikro,1,Big Order Occasional Seller
4997,631a6df27476cace453d5dc9,2023-06-04,211,1,54945000,54945000.0,412087,0,0.0,1,1,1,Mikro,1,Big Order Occasional Seller
4999,631a6df27476cace453d5dfc,2023-01-06,360,1,3523000,3523000.0,26422,0,0.0,1,1,1,Mikro,1,Big Order Occasional Seller
5005,631a6df97476cace453d78e5,2023-04-14,262,1,26468349,26468349.0,198512,0,0.0,1,1,1,Kecil,1,Big Order Occasional Seller
5014,631a6edb7476cace453e3264,2023-03-13,294,1,14195000,14195000.0,106462,0,0.0,1,1,1,Mikro,1,Big Order Occasional Seller
5017,631a6edb7476cace453e32ac,2023-04-20,256,1,150000000,150000000.0,1125000,0,0.0,1,1,1,Mikro,1,Big Order Occasional Seller
5018,631a6edb7476cace453e3321,2023-06-14,201,1,110556000,110556000.0,829170,0,0.0,1,1,1,Menengah,1,Big Order Occasional Seller
5020,631a6edb7476cace453e3342,2023-06-06,209,2,110894550,55447275.0,831709,0,0.0,1,1,1,Menengah,1,Big Order Occasional Seller
5026,631a6edc7476cace453e3478,2023-04-20,256,3,92904225,30968075.0,696781,0,0.0,1,1,1,Kecil,1,Big Order Occasional Seller
5027,631a6edd7476cace453e349d,2023-02-07,328,1,52947000,52947000.0,397102,0,0.0,1,1,1,Kecil,1,Big Order Occasional Seller
5033,631a6edd7476cace453e3527,2023-01-06,360,1,364000,364000.0,2730,0,0.0,1,1,1,Mikro,1,Big Order Occasional Seller
5039,631a6edd7476cace453e3583,2023-01-06,360,1,20109870,20109870.0,150824,0,0.0,1,1,1,Kecil,1,Big Order Occasional Seller
5055,631a6edf7476cace453e378a,2023-01-18,348,1,18612000,18612000.0,139590,0,0.0,1,1,1,Menengah,1,Big Order Occasional Seller
5060,631a6edf7476cace453e37d8,2023-04-28,248,1,26523200,26523200.0,198924,0,0.0,1,1,1,Kecil,1,Big Order Occasional Seller
5064,631a6edf7476cace453e381a,2023-06-21,194,2,8176300,4088150.0,61322,0,0.0,2,2,2,Mikro,1,Big Order Occasional Seller
5066,631a6edf7476cace453e384c,2023-05-11,235,1,79587000,79587000.0,596902,0,0.0,1,1,1,Menengah,1,Big Order Occasional Seller
5074,631a6ee07476cace453e38b6,2023-03-25,282,1,2250000,2250000.0,16875,0,0.0,1,1,1,Mikro,1,Big Order Occasional Seller
5079,631a6ee07476cace453e3918,2023-05-30,216,1,1100000,1100000.0,8250,0,0.0,1,1,1,Mikro,1,Big Order Occasional Seller
5088,631a6ee27476cace453e3a22,2023-06-14,201,1,115000,115000.0,862,1,0.0,1,1,1,Mikro,1,Big Order Occasional Seller
5096,631a6ee27476cace453e3a87,2023-04-20,256,1,148000,148000.0,1110,0,0.0,1,1,1,Kecil,1,Big Order Occasional Seller
5113,631a6ee47476cace453e3c28,2023-04-13,263,1,38320,38320.0,287,0,0.0,1,1,1,Mikro,1,Big Order Occasional Seller
5117,631a6ee47476cace453e3d12,2023-06-10,205,1,111902,111902.0,839,0,0.0,1,1,1,Mikro,1,Big Order Occasional Seller
5123,631a76bd7476cace453f7a03,2023-06-21,194,1,145604,145604.0,1092,0,0.0,1,1,1,Swasta,1,Big Order Occasional Seller
5127,631a76c47476cace453f7fb3,2023-04-12,264,1,289300,289300.0,2169,0,0.0,1,1,1,Mikro,1,Big Order Occasional Seller
5132,631a76c67476cace453f8217,2023-06-07,208,1,2376000,2376000.0,17820,0,0.0,1,1,1,Kecil,1,Big Order Occasional Seller
5136,631a76c87476cace453f840c,2023-05-13,233,1,1309110,1309110.0,9818,0,0.0,1,1,1,Kecil,1,Big Order Occasional Seller
5139,631a76c97476cace453f84d2,2023-03-02,305,1,1677000,1677000.0,12577,0,0.0,1,1,1,Kecil,1,Big Order Occasional Seller
5158,631a76d17476cace453f8b78,2023-03-31,276,1,20135000,20135000.0,151012,0,0.0,1,1,1,Menengah,1,Big Order Occasional Seller
5167,631a76da7476cace453f911c,2023-05-19,227,1,38073000,38073000.0,285547,0,0.0,1,1,1,Kecil,1,Big Order Occasional Seller
5170,631a76e07476cace453f92ce,2023-06-08,207,2,49896000,24948000.0,374220,0,0.0,1,1,1,Menengah,1,Big Order Occasional Seller
5179,631a76ea7476cace453f95e0,2023-05-12,234,1,54990,54990.0,412,0,0.0,1,1,1,Mikro,1,Big Order Occasional Seller
5212,631a77077476cace453f9fbe,2023-01-19,347,1,84900000,84900000.0,636750,0,0.0,1,1,1,Kecil,1,Big Order Occasional Seller
5248,631a770a7476cace453fa42d,2023-03-22,285,1,217250,217250.0,1629,0,0.0,1,1,1,Kecil,1,Big Order Occasional Seller
5264,631a770b7476cace453fa609,2023-06-21,194,1,35000,35000.0,262,0,0.0,1,1,1,Mikro,1,Big Order Occasional Seller
5279,631a770c7476cace453fa7af,2023-01-17,349,1,110000,110000.0,825,1,50000.0,1,1,1,Mikro,1,Big Order Occasional Seller
5286,631a770c7476cace453fa875,2023-06-14,201,1,5550000,5550000.0,41625,0,0.0,1,1,1,Mikro,1,Big Order Occasional Seller
5299,631a770d7476cace453fa9e7,2023-03-30,277,1,948495000,948495000.0,2371237,0,0.0,1,1,1,Menengah,1,Big Order Occasional Seller
5315,631a770e7476cace453fac95,2023-06-13,202,1,300310,300310.0,2252,0,0.0,1,1,1,Menengah,1,Big Order Occasional Seller
5316,631a770e7476cace453facb5,2023-03-26,281,1,3552000,3552000.0,26640,0,0.0,1,1,1,Kecil,1,Big Order Occasional Seller
5317,631a770e7476cace453facdf,2023-01-03,363,1,550000,550000.0,4125,0,0.0,1,1,1,Mikro,1,Big Order Occasional Seller
5328,631a770f7476cace453fae48,2023-02-04,331,1,1170900,1170900.0,8781,0,0.0,1,1,1,Menengah,1,Big Order Occasional Seller
5331,631a770f7476cace453fae7a,2023-02-21,314,1,133000000,133000000.0,997500,0,0.0,1,1,1,Menengah,1,Big Order Occasional Seller
5332,631a770f7476cace453faebc,2023-02-18,317,1,46620,46620.0,349,0,0.0,1,1,1,Menengah,1,Big Order Occasional Seller
5335,631a770f7476cace453faf9f,2023-04-14,262,1,128711,128711.0,965,1,50000.0,1,1,1,Menengah,1,Big Order Occasional Seller
5343,631a77107476cace453fb119,2023-01-15,351,1,6400001,6400001.0,48000,0,0.0,1,1,1,Menengah,1,Big Order Occasional Seller
5346,631a77107476cace453fb1b9,2023-01-10,356,1,8200000,8200000.0,61500,0,0.0,1,1,1,Mikro,1,Big Order Occasional Seller
5353,631a77117476cace453fb271,2023-06-09,206,2,3680000,1840000.0,27600,0,0.0,1,1,1,Kecil,1,Big Order Occasional Seller
5354,631a77117476cace453fb30d,2023-06-16,199,1,5698740,5698740.0,42740,0,0.0,1,1,1,Mikro,1,Big Order Occasional Seller
5380,631a77137476cace453fb72b,2023-04-19,257,2,497500,248750.0,3730,0,0.0,1,1,1,Mikro,1,Big Order Occasional Seller
5401,631a77147476cace453fba2a,2023-06-16,199,1,12432000,12432000.0,93240,0,0.0,1,1,1,Kecil,1,Big Order Occasional Seller
5406,631a77157476cace453fbb92,2023-05-17,229,1,1500000,1500000.0,11250,0,0.0,1,1,1,Mikro,1,Big Order Occasional Seller
5409,631a77157476cace453fbc17,2023-02-10,325,1,1800000,1800000.0,13500,0,0.0,1,1,1,Kecil,1,Big Order Occasional Seller
5413,631a77157476cace453fbca5,2023-05-13,233,1,123000,123000.0,922,0,0.0,1,1,1,Mikro,1,Big Order Occasional Seller
5451,631a7ad67476cace45417c8b,2023-05-20,226,1,145200,145200.0,1089,0,0.0,1,1,1,Mikro,1,Big Order Occasional Seller
5455,631a7ad77476cace45417d36,2023-03-31,276,1,112500,112500.0,843,0,0.0,1,1,1,Mikro,1,Big Order Occasional Seller
5474,631a7add7476cace45418127,2023-01-28,338,1,102000,102000.0,765,0,0.0,1,1,1,Mikro,1,Big Order Occasional Seller
5475,631a7add7476cace45418129,2023-05-11,235,1,279480,279480.0,2096,0,0.0,1,1,1,Mikro,1,Big Order Occasional Seller
5486,631a7ade7476cace45418364,2023-04-18,258,1,15191400,15191400.0,113935,0,0.0,1,0,0,Menengah,1,Big Order Occasional Seller
5492,631a7ae07476cace4541849b,2023-02-23,312,1,73700000,73700000.0,552750,0,0.0,1,1,1,Kecil,1,Big Order Occasional Seller
5505,631a7ae47476cace45418932,2023-06-15,200,1,145000,145000.0,1087,0,0.0,1,1,1,Mikro,1,Big Order Occasional Seller
5514,631a7ae77476cace45418c45,2023-02-16,319,1,5312160,5312160.0,39841,0,0.0,1,1,1,Mikro,1,Big Order Occasional Seller
5520,631a7ae87476cace45418d96,2023-04-18,258,1,132190,132190.0,991,0,0.0,1,1,1,Mikro,1,Big Order Occasional Seller
5524,631a7ae97476cace45418ed2,2023-03-23,284,2,116034920,58017460.0,870261,0,0.0,1,1,1,Menengah,1,Big Order Occasional Seller
5528,631a7ae97476cace45418f3a,2023-02-24,311,1,49000,49000.0,367,1,20000.0,1,1,1,Mikro,1,Big Order Occasional Seller
5533,631a7aea7476cace45418ffa,2023-06-01,214,1,32983650,32983650.0,247377,0,0.0,1,1,1,Kecil,1,Big Order Occasional Seller
5534,631a7aea7476cace45418ffe,2023-01-18,348,1,134960,134960.0,1012,0,0.0,1,1,1,Mikro,1,Big Order Occasional Seller
5535,631a7aea7476cace4541905a,2023-06-17,198,1,1375000,1375000.0,10312,0,0.0,1,1,1,Mikro,1,Big Order Occasional Seller
5540,631a7aeb7476cace4541919d,2023-01-19,347,1,25195500,25195500.0,188966,0,0.0,1,1,1,Mikro,1,Big Order Occasional Seller
5541,631a7aec7476cace454191c6,2023-06-08,207,1,150140,150140.0,1126,0,0.0,1,1,1,Mikro,1,Big Order Occasional Seller
5545,631a7aec7476cace45419254,2023-06-03,212,1,69397070,69397070.0,520478,0,0.0,1,1,1,Mikro,1,Big Order Occasional Seller
5552,631a7aef7476cace45419431,2023-04-12,264,1,70124250,70124250.0,525931,0,0.0,1,1,1,Kecil,1,Big Order Occasional Seller
5566,631a7af27476cace45419600,2023-04-08,268,3,688517460,229505820.0,4048164,0,0.0,2,1,1,Mikro,1,Big Order Occasional Seller
5577,631a7af37476cace4541974f,2023-01-03,363,1,8547000,8547000.0,64102,0,0.0,1,1,1,Mikro,1,Big Order Occasional Seller
5583,631a7af37476cace4541976b,2023-04-22,254,2,114345,57172.5,857,0,0.0,2,1,2,Kecil,1,Big Order Occasional Seller
5594,631a7af47476cace45419983,2023-05-13,233,2,39661000,19830500.0,297456,0,0.0,1,1,1,Kecil,1,Big Order Occasional Seller
5603,631a7af57476cace45419a17,2023-01-19,347,1,97353300,97353300.0,730149,0,0.0,1,1,1,Mikro,1,Big Order Occasional Seller
5612,631a7af57476cace45419aab,2023-05-31,215,1,20338071,20338071.0,152535,0,0.0,1,1,1,Mikro,1,Big Order Occasional Seller
5616,631a7af67476cace45419aec,2023-03-15,292,1,6458887,6458887.0,48441,0,0.0,1,1,1,Mikro,1,Big Order Occasional Seller
5627,631a7af77476cace45419c4d,2023-03-15,292,1,458000,458000.0,3435,0,0.0,1,1,1,Mikro,1,Big Order Occasional Seller
5642,631a7af87476cace45419d5d,2023-04-26,250,2,33677400,16838700.0,252580,0,0.0,1,1,1,Mikro,1,Big Order Occasional Seller
5644,631a7af97476cace45419e16,2023-02-09,326,1,33430,33430.0,250,0,0.0,1,1,1,Mikro,1,Big Order Occasional Seller
5649,631a7af97476cace45419e92,2023-01-20,346,1,30746200,30746200.0,230596,0,0.0,1,1,1,Mikro,1,Big Order Occasional Seller
5650,631a7af97476cace45419e94,2023-06-07,208,2,125404330,62702165.0,940532,0,0.0,1,1,1,Mikro,1,Big Order Occasional Seller
5653,631a7af97476cace45419ed0,2023-06-17,198,3,413100,137700.0,3098,3,150000.0,3,1,1,Menengah,1,Big Order Occasional Seller
5684,631a7afc7476cace4541a284,2023-04-22,254,1,360000,360000.0,2700,0,0.0,1,1,1,Mikro,1,Big Order Occasional Seller
5685,631a7afc7476cace4541a2ac,2023-06-02,213,1,60162,60162.0,451,0,0.0,1,1,1,Mikro,1,Big Order Occasional Seller
5689,631a7afc7476cace4541a2d4,2023-04-14,262,1,91797000,91797000.0,688477,0,0.0,1,1,1,Kecil,1,Big Order Occasional Seller
5696,631a7afe7476cace4541a42b,2023-04-19,257,2,136200,68100.0,1021,0,0.0,2,2,2,Mikro,1,Big Order Occasional Seller
5697,631a7afe7476cace4541a43f,2023-03-24,283,1,579911862,579911862.0,1449779,0,0.0,1,1,1,Mikro,1,Big Order Occasional Seller
5700,631a7afe7476cace4541a47b,2023-05-23,223,2,283914400,141957200.0,2129358,0,0.0,1,1,1,Menengah,1,Big Order Occasional Seller
5711,631a7aff7476cace4541a594,2023-06-15,200,1,60000,60000.0,450,0,0.0,1,1,1,Mikro,1,Big Order Occasional Seller
5741,631a7b007476cace4541a799,2023-02-16,319,1,144900,144900.0,1086,1,50000.0,1,1,1,Mikro,1,Big Order Occasional Seller
5746,631a7b007476cace4541a7f7,2023-06-20,195,1,124625,124625.0,934,0,0.0,1,1,1,Mikro,1,Big Order Occasional Seller
5751,631a7b017476cace4541a859,2023-02-14,321,1,24824620,24824620.0,186184,0,0.0,1,1,1,Menengah,1,Big Order Occasional Seller
5771,631a7d1d7476cace454303c3,2023-02-04,331,1,144900,144900.0,1086,0,0.0,1,1,1,Mikro,1,Big Order Occasional Seller
5776,631a7d1e7476cace4543051f,2023-06-13,202,1,26000,26000.0,195,0,0.0,1,1,1,Mikro,1,Big Order Occasional Seller
5778,631a7d1e7476cace45430545,2023-05-01,245,1,37000,37000.0,277,0,0.0,1,1,1,Mikro,1,Big Order Occasional Seller
5779,631a7d1e7476cace45430570,2023-05-10,236,2,23887200,11943600.0,179154,0,0.0,1,1,1,Mikro,1,Big Order Occasional Seller
5780,631a7d1e7476cace45430574,2023-05-21,225,1,99000,99000.0,742,0,0.0,1,1,1,Mikro,1,Big Order Occasional Seller
5782,631a7d1e7476cace45430634,2023-01-07,359,1,100000,100000.0,750,1,17000.0,1,1,1,Mikro,1,Big Order Occasional Seller
5795,631a7d217476cace45430a6d,2023-03-15,292,1,66000,66000.0,495,0,0.0,1,1,1,Mikro,1,Big Order Occasional Seller
5816,631a7d267476cace45431185,2023-04-26,250,1,6070000,6070000.0,45525,0,0.0,1,1,1,Mikro,1,Big Order Occasional Seller
5820,631a7d277476cace454312bb,2023-03-02,305,1,35984,35984.0,269,0,0.0,1,1,1,Mikro,1,Big Order Occasional Seller
5828,631a7d297476cace454315fb,2023-03-18,289,2,116005,58002.5,869,0,0.0,1,1,1,Mikro,1,Big Order Occasional Seller
5829,631a7d2a7476cace45431659,2023-04-11,265,1,86547,86547.0,649,0,0.0,1,1,1,Mikro,1,Big Order Occasional Seller
5831,631a7d2a7476cace45431698,2023-04-21,255,1,28880,28880.0,216,1,20000.0,1,1,1,Mikro,1,Big Order Occasional Seller
5836,631a7d2a7476cace454316e2,2023-04-12,264,2,223000000,111500000.0,1672500,0,0.0,1,1,1,Mikro,1,Big Order Occasional Seller
5838,631a7d2a7476cace4543171f,2023-03-01,306,1,36000,36000.0,270,0,0.0,1,1,1,Mikro,1,Big Order Occasional Seller
5853,631a7d2f7476cace45431917,2023-06-01,214,1,62096,62096.0,465,0,0.0,1,1,1,Mikro,1,Big Order Occasional Seller
5856,631a7d307476cace454319d4,2023-04-19,257,1,1054500000,1054500000.0,2636250,0,0.0,1,1,1,Kecil,1,Big Order Occasional Seller
5864,631a7d337476cace45431b05,2023-06-14,201,1,50001,50001.0,375,0,0.0,1,1,1,Mikro,1,Big Order Occasional Seller
5866,631a7d3b7476cace45434c8a,2023-03-04,303,1,42276,42276.0,317,0,0.0,1,1,1,Mikro,1,Big Order Occasional Seller
5874,631a7ef37476cace45448724,2023-04-25,251,1,9300000,9300000.0,69750,0,0.0,1,1,1,Kecil,1,Big Order Occasional Seller
5888,631a7ef47476cace4544891f,2023-03-15,292,1,1165800,1165800.0,8743,0,0.0,1,1,1,Mikro,1,Big Order Occasional Seller
5890,631a7ef47476cace45448936,2023-02-04,331,1,16039500,16039500.0,120296,0,0.0,1,1,1,Kecil,1,Big Order Occasional Seller
5902,631a7ef57476cace45448c9a,2023-02-14,321,1,79695000,79695000.0,597712,0,0.0,1,1,1,Kecil,1,Big Order Occasional Seller
5903,631a7f0e7476cace4544ae6c,2023-04-21,255,1,114000,114000.0,855,0,0.0,1,1,1,Mikro,1,Big Order Occasional Seller
5909,631a7f107476cace4544b1f6,2023-06-01,214,1,132225,132225.0,991,0,0.0,1,1,1,Mikro,1,Big Order Occasional Seller
5910,631a7f107476cace4544b20a,2023-06-21,194,1,1514500,1514500.0,11358,0,0.0,1,1,1,Kecil,1,Big Order Occasional Seller
5920,631a96c87476cace45461a56,2023-06-24,191,1,60000,60000.0,450,0,0.0,1,1,1,Mikro,1,Big Order Occasional Seller
5924,631a96ca7476cace45461c46,2023-03-04,303,1,72000,72000.0,540,0,0.0,1,1,1,Mikro,1,Big Order Occasional Seller
5929,631a96cb7476cace45461d71,2023-04-14,262,1,75364560,75364560.0,565234,0,0.0,1,1,1,Kecil,1,Big Order Occasional Seller
5935,631a96cc7476cace45461f7c,2023-03-23,284,1,44444444,44444444.0,333333,0,0.0,1,1,1,Mikro,1,Big Order Occasional Seller
5941,631a96cd7476cace45462125,2023-01-04,362,1,28000,28000.0,210,0,0.0,1,1,1,Mikro,1,Big Order Occasional Seller
5957,631a96d27476cace45462843,2023-05-12,234,2,220967,110483.5,1657,0,0.0,2,2,2,Mikro,1,Big Order Occasional Seller
5958,631a96d27476cace4546286b,2023-06-17,198,1,85000000,85000000.0,637500,0,0.0,1,1,1,Mikro,1,Big Order Occasional Seller
5966,631a96d47476cace45462ae9,2023-06-16,199,1,82102815,82102815.0,615771,0,0.0,1,1,1,Mikro,1,Big Order Occasional Seller
5978,631a96d77476cace45462d6f,2023-06-23,192,1,471750000,471750000.0,2358750,0,0.0,1,1,1,Menengah,1,Big Order Occasional Seller
5979,631a96d77476cace45462d75,2023-05-24,222,1,4601700,4601700.0,34512,0,0.0,1,1,1,Mikro,1,Big Order Occasional Seller
5984,631a96d87476cace45462dd3,2023-01-26,340,1,87523500,87523500.0,656426,0,0.0,1,1,1,Menengah,1,Big Order Occasional Seller
6018,631a96e27476cace45463bf9,2023-05-10,236,1,13644672,13644672.0,102335,0,0.0,1,1,1,Mikro,1,Big Order Occasional Seller
6022,631aaf2d7476cace454710a3,2023-05-23,223,1,401100,401100.0,3008,0,0.0,1,1,1,Mikro,1,Big Order Occasional Seller
6024,631aaf2d7476cace454710b0,2023-04-11,265,1,3701850,3701850.0,27763,0,0.0,1,1,1,Mikro,1,Big Order Occasional Seller
6034,631ce84ac4cfb4101e797f47,2023-05-24,222,1,15473400,15473400.0,116050,0,0.0,1,1,1,Kecil,1,Big Order Occasional Seller
6038,63202452ee73a0067a5aa339,2023-02-19,316,1,1920000,1920000.0,14400,0,0.0,1,1,1,Kecil,1,Big Order Occasional Seller
6041,632173b2384c5a7a2d0bb180,2023-05-19,227,2,103196700,51598350.0,773974,0,0.0,1,1,1,Kecil,1,Big Order Occasional Seller
6068,63237078fa2b0fb2daa2d96a,2023-06-25,190,2,202000,101000.0,1515,0,0.0,1,1,1,Mikro,1,Big Order Occasional Seller
6077,6323ae8c9845235dded07c75,2023-05-18,228,1,800000,800000.0,6000,0,0.0,1,1,1,Mikro,1,Big Order Occasional Seller
6087,6327dd694bce478f910421c9,2023-03-12,295,1,25510575,25510575.0,191329,0,0.0,1,1,1,Besar,1,Big Order Occasional Seller
6090,63282899b8a96cf46bfc4150,2023-05-27,219,2,333681540,166840770.0,2502610,0,0.0,1,1,1,Kecil,1,Big Order Occasional Seller
6093,63288531133e14e25e7bf936,2023-05-09,237,1,42300,42300.0,317,0,0.0,1,1,1,Menengah,1,Big Order Occasional Seller
6115,632c767c3fc3a7f35793e8a0,2023-03-28,279,1,90000,90000.0,675,0,0.0,1,1,1,Mikro,1,Big Order Occasional Seller
6125,632e700383e653b7718d65d7,2023-01-11,355,1,3746250,3746250.0,28096,0,0.0,1,1,1,Kecil,1,Big Order Occasional Seller
6131,6331396ad116e4715305e6f7,2023-02-24,311,1,11738000,11738000.0,88035,0,0.0,1,1,1,Mikro,1,Big Order Occasional Seller
6132,63314b10d116e4715308b08b,2023-04-13,263,1,58830000,58830000.0,441225,0,0.0,1,1,1,Menengah,1,Big Order Occasional Seller
6143,6333c564be5108e4752b5971,2023-01-14,352,1,34000,34000.0,255,0,0.0,1,0,0,Mikro,1,Big Order Occasional Seller
6156,63350e62817d4e64e6cedeab,2023-06-07,208,1,181928715,181928715.0,1364465,0,0.0,1,1,1,Kecil,1,Big Order Occasional Seller
6160,6335736319109c5239675fff,2023-01-12,354,1,840000,840000.0,6300,0,0.0,1,1,1,Mikro,1,Big Order Occasional Seller
6165,6336b7ee32c087543f6fdb59,2023-06-25,190,2,110389500,55194750.0,827920,0,0.0,1,1,1,Menengah,1,Big Order Occasional Seller
6169,633a50493980938df609f135,2023-03-02,305,1,12000,12000.0,90,0,0.0,1,1,1,Mikro,1,Big Order Occasional Seller
6179,633c14effca4c347b7a87061,2023-03-08,299,1,86000,86000.0,645,0,0.0,1,1,1,Mikro,1,Big Order Occasional Seller
6190,633d660e74b4f16bf99c1a18,2023-06-10,205,1,4572725,4572725.0,34295,0,0.0,1,1,1,Kecil,1,Big Order Occasional Seller
6193,633e38383f4fa5e18e32eab8,2023-05-19,227,2,15780000,7890000.0,118350,0,0.0,1,1,1,Mikro,1,Big Order Occasional Seller
6203,633eadea819aa7aa2287e929,2023-06-22,193,1,14456085,14456085.0,108420,0,0.0,1,1,1,Mikro,1,Big Order Occasional Seller
6216,6340bee98774579e6d8c65ee,2023-01-20,346,1,109000,109000.0,817,0,0.0,1,1,1,Mikro,1,Big Order Occasional Seller
6220,63438fbcb34bd6109437f18f,2023-05-31,215,1,48900000,48900000.0,366750,0,0.0,1,1,1,Mikro,1,Big Order Occasional Seller
6241,634642b38bf75cbc978ffe56,2023-05-28,218,1,13125000,13125000.0,98437,0,0.0,1,1,1,Kecil,1,Big Order Occasional Seller
6244,634687418bf75cbc979c591f,2023-04-04,272,1,125000,125000.0,937,0,0.0,1,0,0,Mikro,1,Big Order Occasional Seller
6249,634778bcbc24f1cff0261871,2023-03-14,293,1,12970000,12970000.0,97275,0,0.0,1,1,1,Kecil,1,Big Order Occasional Seller
6259,63490085121b6f2d75a552b1,2023-03-08,299,1,68281000,68281000.0,512107,0,0.0,1,1,1,Kecil,1,Big Order Occasional Seller
6263,634934968bbd93df3c59c374,2023-05-11,235,1,70000,70000.0,525,0,0.0,1,1,1,Mikro,1,Big Order Occasional Seller
6264,634a38a9354aa5d0c08589ef,2023-05-20,226,1,28000,28000.0,210,0,0.0,1,0,0,Mikro,1,Big Order Occasional Seller
6269,634d1ffb354aa5d0c0b5c4ce,2023-05-20,226,1,17500000,17500000.0,131250,0,0.0,1,1,1,Mikro,1,Big Order Occasional Seller
6270,634d2c4f354aa5d0c0b86f04,2023-01-17,349,1,30401399,30401399.0,228010,0,0.0,1,1,1,Kecil,1,Big Order Occasional Seller
6272,634dffd93d906836dbad3815,2023-03-04,303,1,74000,74000.0,555,0,0.0,1,1,1,Mikro,1,Big Order Occasional Seller
6281,634f986f354aa5d0c0de5e78,2023-01-25,341,1,44990400000,44990400000.0,112476000,0,0.0,1,1,1,Besar,1,Big Order Occasional Seller
6288,634fbb02354aa5d0c0e03ec5,2023-02-21,314,1,9990000,9990000.0,74925,0,0.0,1,1,1,Kecil,1,Big Order Occasional Seller
6289,634fcc173d906836dbe1ae38,2023-02-02,333,1,690000,690000.0,5175,0,0.0,1,1,1,Kecil,1,Big Order Occasional Seller
6302,63520f2b13fd93585695ac0e,2023-02-19,316,1,62000,62000.0,465,0,0.0,1,1,1,Mikro,1,Big Order Occasional Seller
6303,6352105913fd93585695f0bf,2023-05-10,236,1,90000,90000.0,675,0,0.0,1,1,1,Kecil,1,Big Order Occasional Seller
6306,6352464a13fd9358569da4fe,2023-06-07,208,2,44464200,22232100.0,333481,0,0.0,2,1,1,Mikro,1,Big Order Occasional Seller
6310,635354386c8b38ec825af96c,2023-01-18,348,1,556443,556443.0,4173,0,0.0,1,1,1,Kecil,1,Big Order Occasional Seller
6312,635401dce6065b40e624f0bf,2023-04-04,272,1,40130000,40130000.0,300975,0,0.0,1,1,1,Kecil,1,Big Order Occasional Seller
6320,6356346a09aa94d17acbef07,2023-04-05,271,1,158000,158000.0,1185,0,0.0,1,1,1,Mikro,1,Big Order Occasional Seller
6321,6356348409aa94d17acbf6e2,2023-05-27,219,1,35000000,35000000.0,262500,0,0.0,1,1,1,Mikro,1,Big Order Occasional Seller
6323,63564ef609aa94d17ad4c8e3,2023-06-13,202,1,77250000,77250000.0,579375,0,0.0,1,1,1,Mikro,1,Big Order Occasional Seller
6325,6356527c09aa94d17ad5d3b0,2023-03-24,283,1,229000,229000.0,1717,0,0.0,1,1,1,Mikro,1,Big Order Occasional Seller
6326,635659f709aa94d17ad78e13,2023-02-03,332,1,555000,555000.0,4162,0,0.0,1,1,1,Menengah,1,Big Order Occasional Seller
6329,6356661f09aa94d17ad9d584,2023-05-24,222,2,17204372,8602186.0,129032,0,0.0,1,1,1,Mikro,1,Big Order Occasional Seller
6333,635745ee8216cb11f64eb597,2023-04-13,263,1,2870101,2870101.0,21525,0,0.0,1,1,1,Besar,1,Big Order Occasional Seller
6349,6358f6b14970d603af80fcd5,2023-02-21,314,1,114000,114000.0,855,0,0.0,1,1,1,Mikro,1,Big Order Occasional Seller
6356,635b397140bc475967a6c95c,2023-01-06,360,1,29193000,29193000.0,218947,0,0.0,1,1,1,Kecil,1,Big Order Occasional Seller
6360,635b8bdd40bc475967ab21e8,2023-01-07,359,1,125717046,125717046.0,942877,0,0.0,1,1,1,Menengah,1,Big Order Occasional Seller
6365,635b9a5b40bc475967ac18e4,2023-06-08,207,2,39891273,19945636.5,299183,0,0.0,1,1,1,Menengah,1,Big Order Occasional Seller
6372,635cff51202f3f8190a55ce6,2023-04-05,271,1,10933500,10933500.0,82001,0,0.0,1,1,1,Mikro,1,Big Order Occasional Seller
6378,635f7efc202f3f8190c880bc,2023-02-23,312,1,21645000,21645000.0,162337,0,0.0,1,1,1,Kecil,1,Big Order Occasional Seller
6387,6360be7140bc475967c66424,2023-01-21,345,1,135000,135000.0,1012,0,0.0,1,1,1,Mikro,1,Big Order Occasional Seller
6389,6360d45a202f3f8190e443ae,2023-06-16,199,1,130000,130000.0,975,0,0.0,1,1,1,Mikro,1,Big Order Occasional Seller
6406,63637232bc1db090a9bbd27d,2023-05-31,215,1,305823030,305823030.0,1529115,0,0.0,1,1,1,Mikro,1,Big Order Occasional Seller
6407,636464b5e88fc3ea6525b3ec,2023-01-25,341,1,113220000,113220000.0,849150,0,0.0,1,1,1,Menengah,1,Big Order Occasional Seller
6414,6364e2486cb5597288751951,2023-04-04,272,1,2500000,2500000.0,18750,0,0.0,1,0,0,Mikro,1,Big Order Occasional Seller
6415,63660fb26cb5597288768141,2023-03-23,284,2,22550649,11275324.5,169129,0,0.0,1,1,1,Mikro,1,Big Order Occasional Seller
6429,636a153f34a757970d928a92,2023-06-14,201,3,205170,68390.0,1537,0,0.0,2,1,1,Mikro,1,Big Order Occasional Seller
6435,636b7b83f18c4eeecdd44b65,2023-03-02,305,1,12987000,12987000.0,97402,0,0.0,1,1,1,Mikro,1,Big Order Occasional Seller
6455,636f2335aad47433fb55cb25,2023-05-27,219,1,55000,55000.0,412,0,0.0,1,1,1,Mikro,1,Big Order Occasional Seller
6462,6372e461dedb22dd0fa14acf,2023-01-13,353,1,49506000,49506000.0,371295,0,0.0,1,1,1,Mikro,1,Big Order Occasional Seller
6467,6373418ddedb22dd0fb7e097,2023-06-13,202,1,10000,10000.0,75,0,0.0,1,1,1,Mikro,1,Big Order Occasional Seller
6478,6375e860a15fcee0426da2d4,2023-01-10,356,1,17982000,17982000.0,134865,0,0.0,1,1,1,Besar,1,Big Order Occasional Seller
6489,63772eaa11c5155a217e07f2,2023-06-15,200,1,7770000,7770000.0,58275,0,0.0,1,1,1,Mikro,1,Big Order Occasional Seller
6490,6377478fbf21f6140287cbb1,2023-06-02,213,2,68344920,34172460.0,512586,0,0.0,1,1,1,Besar,1,Big Order Occasional Seller
6491,63774887bf21f6140287da25,2023-05-24,222,3,523174635,174391545.0,3923809,0,0.0,1,1,1,Kecil,1,Big Order Occasional Seller
6500,637c4e2b779f479b636a444b,2023-02-15,320,1,452000,452000.0,3390,0,0.0,1,0,0,Mikro,1,Big Order Occasional Seller
6505,637c88c6779f479b636eb16b,2023-02-10,325,1,108391500,108391500.0,812936,0,0.0,1,1,1,Menengah,1,Big Order Occasional Seller
6510,637d84b9779f479b6377f9b1,2023-01-12,354,1,15601050,15601050.0,117007,0,0.0,1,1,1,Besar,1,Big Order Occasional Seller
6511,637d8c8a28994b6ab946af58,2023-02-22,313,1,136752000,136752000.0,1025640,0,0.0,1,1,1,Mikro,1,Big Order Occasional Seller
6517,637ed256aa59b99ca9704010,2023-06-23,192,2,14430000,7215000.0,108224,0,0.0,1,1,1,Kecil,1,Big Order Occasional Seller
6520,637efaa9aa59b99ca9790a85,2023-05-24,222,1,13240162,13240162.0,99301,0,0.0,1,1,1,Kecil,1,Big Order Occasional Seller
6531,63842729c912fd0893559eb5,2023-06-15,200,1,2575500,2575500.0,19316,0,0.0,1,1,1,Mikro,1,Big Order Occasional Seller
6536,6384693ec912fd08935d5b66,2023-06-06,209,1,27694500,27694500.0,207708,0,0.0,1,1,1,Mikro,1,Big Order Occasional Seller
6544,6385b0aea8fd042b18c0fdfe,2023-02-18,317,1,8183031,8183031.0,61372,0,0.0,1,1,1,Kecil,1,Big Order Occasional Seller
6561,638990ae1b46f17e31a405c6,2023-01-24,342,1,56500,56500.0,423,0,0.0,1,0,0,Mikro,1,Big Order Occasional Seller
6569,638d788ac7a245296b10db50,2023-04-26,250,1,38999994,38999994.0,292499,0,0.0,1,1,1,Menengah,1,Big Order Occasional Seller
6573,638ec5a62427b6063e13045b,2023-06-17,198,1,51775950,51775950.0,388319,0,0.0,1,1,1,Kecil,1,Big Order Occasional Seller
6579,638ffedd0716b84b738adfe3,2023-06-17,198,3,273750000,91250000.0,2053125,0,0.0,1,1,1,Mikro,1,Big Order Occasional Seller
6581,6390043958f3f85158ae1c19,2023-05-11,235,1,19999980,19999980.0,149999,0,0.0,1,1,1,Mikro,1,Big Order Occasional Seller
6584,6390601e34195bbee51b724e,2023-03-26,281,1,72793800,72793800.0,545953,0,0.0,1,1,1,Mikro,1,Big Order Occasional Seller
6594,63929dd00282ec3df844085b,2023-03-22,285,1,13596345,13596345.0,101972,0,0.0,1,1,1,Kecil,1,Big Order Occasional Seller
6595,6392a6a677cad1c76fbae20f,2023-06-13,202,1,10652670,10652670.0,79895,0,0.0,1,1,1,Besar,1,Big Order Occasional Seller
6596,6392c5c50282ec3df849b559,2023-02-09,326,1,98000,98000.0,735,0,0.0,1,1,1,Mikro,1,Big Order Occasional Seller
6598,6392f0c977cad1c76fc0b12a,2023-03-02,305,2,33316000,16658000.0,249870,0,0.0,1,1,1,Kecil,1,Big Order Occasional Seller
6600,6394346277cad1c76fc4f896,2023-03-30,277,2,114000,57000.0,854,0,0.0,1,1,1,Mikro,1,Big Order Occasional Seller
6602,6396e46b0282ec3df8661e97,2023-02-18,317,1,48265000,48265000.0,361987,0,0.0,1,1,1,Mikro,1,Big Order Occasional Seller
6607,6397fec450f233236cbec189,2023-03-09,298,1,40113000,40113000.0,300847,0,0.0,1,1,1,Kecil,1,Big Order Occasional Seller
6614,6399539650f233236cd57439,2023-02-15,320,1,14550000,14550000.0,109125,0,0.0,1,1,1,Mikro,1,Big Order Occasional Seller
6616,6399617a50f233236cd73f46,2023-06-13,202,1,15240000,15240000.0,114300,0,0.0,1,1,1,Mikro,1,Big Order Occasional Seller
6618,639970f550f233236cda0ea8,2023-02-09,326,2,19000000,9500000.0,142500,0,0.0,1,1,1,Mikro,1,Big Order Occasional Seller
6624,639a9fa2fee1688b9e252d34,2023-03-08,299,1,60000,60000.0,450,0,0.0,1,1,1,Mikro,1,Big Order Occasional Seller
6625,639aa88afee1688b9e291d0d,2023-03-14,293,2,4800000,2400000.0,36000,2,454000.0,2,1,1,Mikro,1,Big Order Occasional Seller
6626,639acce838d336b57f4712f9,2023-06-16,199,1,83250000,83250000.0,624375,0,0.0,1,1,1,Mikro,1,Big Order Occasional Seller
6631,639beab038d336b57f56bdf3,2023-01-11,355,1,129999998,129999998.0,974999,0,0.0,1,1,1,Mikro,1,Big Order Occasional Seller
6636,63a1066afee1688b9e5fe973,2023-04-11,265,1,84000,84000.0,630,0,0.0,1,0,0,Mikro,1,Big Order Occasional Seller
6637,63a15da2fee1688b9e6ae2fa,2023-05-25,221,1,76200390,76200390.0,571502,0,0.0,1,1,1,Mikro,1,Big Order Occasional Seller
6640,63a18003fee1688b9e6f38f9,2023-04-22,254,1,547230000,547230000.0,1368075,0,0.0,1,1,1,Menengah,1,Big Order Occasional Seller
6641,63a28e76efba37d09b608d1c,2023-01-10,356,1,118000,118000.0,885,0,0.0,1,1,1,Mikro,1,Big Order Occasional Seller
6642,63a28e8e18e286c39b35fc27,2023-06-14,201,1,126000,126000.0,945,0,0.0,1,1,1,Mikro,1,Big Order Occasional Seller
6645,63a3c570600fda60ea02dd36,2023-06-02,213,1,38295000,38295000.0,287212,0,0.0,1,1,1,Mikro,1,Big Order Occasional Seller
6646,63a518d3b7d38d9e55d0ed24,2023-01-20,346,1,115440000,115440000.0,865800,0,0.0,1,1,1,Mikro,1,Big Order Occasional Seller
6648,63a5a26bd2c84f87b7d06d87,2023-01-25,341,1,1976000,1976000.0,14820,0,0.0,1,1,1,Mikro,1,Big Order Occasional Seller
6649,63a68d50d2c84f87b7d43f64,2023-03-21,286,1,24000,24000.0,180,0,0.0,1,1,1,Mikro,1,Big Order Occasional Seller
6650,63a90f3fd2c84f87b7dec338,2023-03-25,282,1,208000,208000.0,1560,0,0.0,1,1,1,Mikro,1,Big Order Occasional Seller
6651,63a91abfd2c84f87b7e095e0,2023-05-17,229,1,33813,33813.0,253,0,0.0,1,1,1,Mikro,1,Big Order Occasional Seller
6653,63a92f8cd2c84f87b7e38317,2023-01-25,341,1,133200000,133200000.0,999000,0,0.0,1,1,1,Mikro,1,Big Order Occasional Seller
6654,63a94e7cd2c84f87b7e67217,2023-06-16,199,1,207500,207500.0,1556,0,0.0,1,1,1,Mikro,1,Big Order Occasional Seller
6656,63aa720fcb47446d5bdf1413,2023-06-07,208,1,142000,142000.0,1065,0,0.0,1,1,1,Mikro,1,Big Order Occasional Seller
